Origin,Dest,AirTime
DFW,DTW,132.0
DFW,DTW,126.0
DFW,DTW,135.0
DFW,DTW,129.0
DFW,DTW,137.0
DFW,DTW,128.0
DFW,DTW,136.0
DFW,DTW,132.0
DFW,DTW,130.0
DFW,DTW,133.0
DFW,DTW,118.0
DFW,DTW,130.0
DFW,DTW,138.0
DFW,DTW,126.0
DFW,DTW,136.0
DFW,DTW,123.0
DFW,DTW,131.0
DFW,DTW,141.0
DFW,DTW,132.0
DFW,DTW,121.0
DFW,DTW,119.0
DFW,DTW,141.0
DFW,DTW,147.0
DFW,DTW,131.0
DFW,DTW,128.0
DFW,DTW,131.0
DTW,DFW,149.0
DTW,DFW,146.0
DTW,DFW,145.0
DTW,DFW,135.0
DTW,DFW,142.0
DTW,DFW,147.0
DTW,DFW,144.0
DTW,DFW,157.0
DTW,DFW,155.0
DTW,DFW,141.0
DTW,DFW,143.0
DTW,DFW,139.0
DTW,DFW,135.0
DTW,DFW,145.0
DTW,DFW,150.0
DTW,DFW,158.0
DTW,DFW,157.0
DTW,DFW,132.0
DTW,DFW,156.0
DTW,DFW,151.0
DTW,DFW,161.0
DTW,DFW,132.0
DTW,DFW,130.0
DTW,DFW,145.0
DTW,DFW,155.0
DTW,DFW,165.0
DTW,DFW,128.0
DTW,DFW,137.0
DTW,DFW,142.0
DTW,DFW,146.0
DTW,DFW,156.0
SEA,JFK,294.0
SEA,JFK,292.0
SEA,JFK,277.0
SEA,JFK,294.0
SEA,JFK,296.0
SEA,JFK,294.0
SEA,JFK,297.0
SEA,JFK,295.0
SEA,JFK,288.0
SEA,JFK,335.0
SEA,JFK,287.0
SEA,JFK,288.0
SEA,JFK,283.0
SEA,JFK,274.0
SEA,JFK,285.0
SEA,JFK,281.0
SEA,JFK,273.0
SEA,JFK,287.0
SEA,JFK,283.0
SEA,JFK,283.0
SEA,JFK,287.0
SEA,JFK,288.0
SEA,JFK,282.0
SEA,JFK,274.0
SEA,JFK,285.0
SEA,JFK,280.0
SEA,JFK,273.0
JFK,SEA,324.0
JFK,SEA,334.0
JFK,SEA,337.0
JFK,SEA,326.0
JFK,SEA,327.0
JFK,SEA,327.0
JFK,SEA,323.0
JFK,SEA,314.0
JFK,SEA,317.0
JFK,SEA,320.0
JFK,SEA,355.0
JFK,SEA,378.0
JFK,SEA,362.0
JFK,SEA,350.0
JFK,SEA,335.0
JFK,SEA,333.0
JFK,SEA,343.0
JFK,SEA,344.0
JFK,SEA,354.0
JFK,SEA,340.0
JFK,SEA,335.0
JFK,SEA,357.0
JFK,SEA,350.0
JFK,SEA,342.0
JFK,SEA,339.0
JFK,SEA,340.0
JFK,SEA,335.0
SJC,ORD,220.0
SJC,ORD,225.0
SJC,ORD,222.0
ORD,SJC,245.0
ORD,SJC,244.0
ORD,SJC,235.0
ORD,SJC,251.0
ORD,SJC,239.0
ORD,SJC,245.0
ORD,SJC,234.0
ORD,SJC,245.0
ORD,SJC,246.0
ORD,SJC,240.0
ORD,SJC,247.0
ORD,SJC,247.0
ORD,SJC,255.0
ORD,SJC,256.0
ORD,SJC,242.0
ORD,SJC,258.0
ORD,SJC,257.0
ORD,SJC,266.0
ORD,SJC,258.0
ORD,SJC,244.0
ORD,SJC,247.0
ORD,SJC,257.0
ORD,SJC,262.0
ORD,SJC,248.0
ORD,SJC,227.0
ORD,SJC,232.0
ORD,SJC,242.0
ORD,SJC,244.0
ORD,SJC,259.0
ORD,SJC,275.0
ORD,SJC,260.0
PHX,DFW,109.0
PHX,DFW,108.0
PHX,DFW,99.0
PHX,DFW,114.0
PHX,DFW,105.0
PHX,DFW,109.0
PHX,DFW,105.0
PHX,DFW,109.0
PHX,DFW,106.0
PHX,DFW,104.0
PHX,DFW,112.0
PHX,DFW,115.0
PHX,DFW,114.0
PHX,DFW,111.0
PHX,DFW,104.0
PHX,DFW,107.0
PHX,DFW,111.0
PHX,DFW,109.0
PHX,DFW,112.0
PHX,DFW,109.0
PHX,DFW,108.0
PHX,DFW,114.0
PHX,DFW,108.0
PHX,DFW,107.0
PHX,DFW,105.0
PHX,DFW,117.0
PHX,DFW,116.0
PHX,DFW,117.0
PHX,DFW,112.0
PHX,DFW,109.0
PHX,DFW,116.0
STL,DFW,91.0
STL,DFW,78.0
STL,DFW,81.0
STL,DFW,85.0
STL,DFW,88.0
STL,DFW,89.0
STL,DFW,86.0
STL,DFW,85.0
STL,DFW,81.0
STL,DFW,80.0
STL,DFW,83.0
STL,DFW,87.0
STL,DFW,88.0
STL,DFW,75.0
STL,DFW,94.0
STL,DFW,84.0
STL,DFW,98.0
STL,DFW,79.0
STL,DFW,89.0
STL,DFW,92.0
STL,DFW,97.0
STL,DFW,78.0
STL,DFW,82.0
STL,DFW,93.0
STL,DFW,86.0
DFW,STL,78.0
DFW,STL,76.0
DFW,STL,77.0
DFW,STL,75.0
DFW,STL,72.0
DFW,STL,75.0
DFW,STL,77.0
DFW,STL,71.0
DFW,STL,88.0
DFW,STL,75.0
DFW,STL,84.0
DFW,STL,75.0
DFW,STL,76.0
DFW,STL,75.0
DFW,STL,77.0
DFW,STL,81.0
DFW,STL,77.0
DFW,STL,71.0
DFW,STL,77.0
DFW,STL,87.0
DFW,STL,78.0
DFW,STL,71.0
DFW,STL,68.0
DFW,STL,70.0
DFW,STL,77.0
DFW,STL,80.0
DFW,STL,73.0
DFW,STL,70.0
DFW,STL,71.0
LAX,DCA,253.0
LAX,DCA,252.0
LAX,DCA,260.0
LAX,DCA,288.0
LAX,DCA,270.0
LAX,DCA,264.0
LAX,DCA,273.0
LAX,DCA,261.0
LAX,DCA,265.0
LAX,DCA,264.0
LAX,DCA,269.0
LAX,DCA,266.0
LAX,DCA,280.0
LAX,DCA,267.0
LAX,DCA,263.0
LAX,DCA,257.0
LAX,DCA,271.0
LAX,DCA,268.0
LAX,DCA,271.0
LAX,DCA,273.0
LAX,DCA,267.0
LAX,DCA,292.0
LAX,DCA,280.0
LAX,DCA,278.0
LAX,DCA,279.0
LAX,DCA,265.0
LAX,DCA,243.0
ORD,TPA,132.0
ORD,TPA,129.0
ORD,TPA,133.0
ORD,TPA,129.0
ORD,TPA,140.0
ORD,TPA,144.0
ORD,TPA,132.0
ORD,TPA,132.0
ORD,TPA,136.0
ORD,TPA,136.0
ORD,TPA,136.0
ORD,TPA,129.0
ORD,TPA,131.0
ORD,TPA,135.0
ORD,TPA,137.0
ORD,TPA,138.0
ORD,TPA,132.0
ORD,TPA,126.0
ORD,TPA,135.0
ORD,TPA,124.0
ORD,TPA,134.0
ORD,TPA,135.0
ORD,TPA,122.0
ORD,TPA,131.0
ORD,TPA,131.0
ORD,TPA,144.0
ORD,TPA,142.0
ORD,TPA,137.0
ORD,TPA,130.0
ORD,TPA,134.0
ORD,TPA,129.0
MCO,ORD,152.0
MCO,ORD,147.0
MCO,ORD,141.0
MCO,ORD,151.0
MCO,ORD,136.0
MCO,ORD,131.0
MCO,ORD,140.0
MCO,ORD,140.0
MCO,ORD,144.0
MCO,ORD,140.0
MCO,ORD,145.0
MCO,ORD,154.0
MCO,ORD,143.0
MCO,ORD,145.0
MCO,ORD,136.0
MCO,ORD,147.0
MCO,ORD,146.0
MCO,ORD,141.0
MCO,ORD,151.0
MCO,ORD,147.0
MCO,ORD,147.0
MCO,ORD,140.0
MCO,ORD,148.0
MCO,ORD,154.0
MCO,ORD,145.0
MCO,ORD,149.0
MCO,ORD,138.0
MCO,ORD,135.0
MCO,ORD,150.0
MCO,ORD,143.0
MCO,ORD,137.0
DEN,MIA,189.0
DEN,MIA,195.0
DEN,MIA,191.0
DEN,MIA,204.0
DEN,MIA,208.0
DEN,MIA,201.0
DEN,MIA,201.0
DEN,MIA,198.0
DEN,MIA,203.0
DEN,MIA,207.0
DEN,MIA,198.0
DEN,MIA,203.0
DEN,MIA,198.0
DEN,MIA,215.0
DEN,MIA,192.0
DEN,MIA,192.0
DEN,MIA,198.0
DEN,MIA,205.0
DEN,MIA,198.0
DEN,MIA,201.0
DEN,MIA,203.0
DEN,MIA,196.0
DEN,MIA,209.0
DEN,MIA,189.0
DEN,MIA,205.0
DEN,MIA,205.0
DEN,MIA,201.0
DEN,MIA,199.0
DEN,MIA,198.0
DEN,MIA,189.0
MIA,DEN,250.0
MIA,DEN,230.0
MIA,DEN,242.0
MIA,DEN,223.0
MIA,DEN,227.0
MIA,DEN,224.0
MIA,DEN,230.0
MIA,DEN,243.0
MIA,DEN,241.0
MIA,DEN,230.0
MIA,DEN,242.0
MIA,DEN,251.0
MIA,DEN,247.0
MIA,DEN,237.0
MIA,DEN,240.0
MIA,DEN,244.0
MIA,DEN,243.0
MIA,DEN,241.0
MIA,DEN,243.0
MIA,DEN,244.0
MIA,DEN,236.0
MIA,DEN,239.0
MIA,DEN,244.0
MIA,DEN,232.0
MIA,DEN,242.0
MIA,DEN,240.0
MIA,DEN,233.0
MIA,DEN,236.0
MIA,DEN,249.0
MIA,DEN,245.0
MIA,DEN,232.0
KOA,LAX,264.0
KOA,LAX,281.0
KOA,LAX,262.0
KOA,LAX,261.0
KOA,LAX,251.0
KOA,LAX,253.0
KOA,LAX,287.0
KOA,LAX,281.0
KOA,LAX,284.0
KOA,LAX,271.0
KOA,LAX,269.0
KOA,LAX,260.0
KOA,LAX,291.0
KOA,LAX,283.0
KOA,LAX,276.0
KOA,LAX,266.0
KOA,LAX,279.0
KOA,LAX,276.0
KOA,LAX,262.0
KOA,LAX,269.0
KOA,LAX,278.0
KOA,LAX,288.0
KOA,LAX,287.0
KOA,LAX,290.0
KOA,LAX,296.0
KOA,LAX,285.0
KOA,LAX,294.0
KOA,LAX,267.0
KOA,LAX,269.0
KOA,LAX,262.0
KOA,LAX,280.0
LAX,KOA,330.0
LAX,KOA,341.0
LAX,KOA,333.0
LAX,KOA,347.0
LAX,KOA,363.0
LAX,KOA,358.0
LAX,KOA,327.0
LAX,KOA,336.0
LAX,KOA,338.0
LAX,KOA,331.0
LAX,KOA,348.0
LAX,KOA,338.0
LAX,KOA,344.0
LAX,KOA,345.0
LAX,KOA,332.0
LAX,KOA,335.0
LAX,KOA,335.0
LAX,KOA,330.0
LAX,KOA,323.0
LAX,KOA,335.0
LAX,KOA,336.0
LAX,KOA,320.0
LAX,KOA,328.0
LAX,KOA,329.0
LAX,KOA,335.0
LAX,KOA,332.0
LAX,KOA,321.0
LAX,KOA,322.0
LAX,KOA,325.0
LAX,KOA,328.0
LAX,KOA,348.0
DFW,MIA,124.0
DFW,MIA,128.0
DFW,MIA,130.0
DFW,MIA,132.0
DFW,MIA,131.0
DFW,MIA,119.0
DFW,MIA,146.0
DFW,MIA,132.0
DFW,MIA,128.0
DFW,MIA,129.0
DFW,MIA,129.0
DFW,MIA,131.0
DFW,MIA,133.0
DFW,MIA,132.0
DFW,MIA,157.0
DFW,MIA,128.0
DFW,MIA,129.0
DFW,MIA,130.0
DFW,MIA,129.0
DFW,MIA,151.0
DFW,MIA,126.0
DFW,MIA,133.0
DFW,MIA,122.0
DFW,MIA,125.0
DFW,MIA,130.0
DFW,MIA,134.0
DFW,MIA,136.0
DFW,MIA,129.0
DFW,MIA,131.0
DFW,MIA,123.0
MIA,DFW,159.0
MIA,DFW,162.0
MIA,DFW,169.0
MIA,DFW,155.0
MIA,DFW,164.0
MIA,DFW,169.0
MIA,DFW,178.0
MIA,DFW,176.0
MIA,DFW,167.0
MIA,DFW,170.0
MIA,DFW,164.0
MIA,DFW,173.0
MIA,DFW,171.0
MIA,DFW,171.0
MIA,DFW,176.0
MIA,DFW,172.0
MIA,DFW,164.0
MIA,DFW,170.0
MIA,DFW,171.0
MIA,DFW,201.0
MIA,DFW,170.0
MIA,DFW,161.0
MIA,DFW,164.0
MIA,DFW,152.0
MIA,DFW,169.0
MIA,DFW,172.0
MIA,DFW,166.0
MIA,DFW,179.0
MIA,DFW,171.0
MIA,DFW,168.0
IAH,MIA,110.0
IAH,MIA,109.0
IAH,MIA,119.0
IAH,MIA,115.0
MIA,IAH,144.0
MIA,IAH,139.0
MIA,IAH,143.0
MIA,IAH,136.0
MIA,IAH,139.0
MIA,IAH,150.0
MIA,IAH,154.0
MIA,IAH,177.0
MIA,IAH,169.0
MIA,IAH,150.0
MIA,IAH,154.0
MIA,IAH,150.0
MIA,IAH,154.0
MIA,IAH,156.0
MIA,IAH,154.0
MIA,IAH,163.0
MIA,IAH,154.0
MIA,IAH,153.0
MIA,IAH,162.0
MIA,IAH,146.0
MIA,IAH,158.0
MIA,IAH,156.0
MIA,IAH,145.0
MIA,IAH,147.0
MIA,IAH,147.0
MIA,IAH,159.0
MIA,IAH,148.0
MIA,IAH,150.0
MIA,IAH,151.0
MIA,IAH,154.0
MIA,IAH,146.0
MIA,JFK,133.0
MIA,JFK,140.0
MIA,JFK,133.0
MIA,JFK,135.0
MIA,JFK,130.0
MIA,JFK,127.0
MIA,JFK,143.0
MIA,JFK,132.0
MIA,JFK,135.0
MIA,JFK,158.0
MIA,JFK,125.0
MIA,JFK,136.0
MIA,JFK,132.0
MIA,JFK,135.0
MIA,JFK,132.0
MIA,JFK,126.0
MIA,JFK,123.0
MIA,JFK,131.0
MIA,JFK,140.0
MIA,JFK,131.0
MIA,JFK,134.0
MIA,JFK,148.0
MIA,JFK,135.0
MIA,JFK,133.0
MIA,JFK,127.0
MIA,JFK,141.0
MIA,JFK,131.0
MIA,JFK,135.0
JFK,MIA,152.0
JFK,MIA,150.0
JFK,MIA,165.0
JFK,MIA,151.0
JFK,MIA,151.0
JFK,MIA,159.0
JFK,MIA,153.0
JFK,MIA,153.0
JFK,MIA,160.0
JFK,MIA,172.0
JFK,MIA,170.0
JFK,MIA,159.0
JFK,MIA,165.0
JFK,MIA,164.0
JFK,MIA,183.0
JFK,MIA,171.0
JFK,MIA,167.0
JFK,MIA,171.0
JFK,MIA,153.0
JFK,MIA,151.0
JFK,MIA,164.0
JFK,MIA,176.0
JFK,MIA,150.0
JFK,MIA,160.0
JFK,MIA,190.0
JFK,MIA,197.0
JFK,MIA,156.0
JFK,MIA,162.0
JFK,MIA,164.0
AUS,JFK,188.0
AUS,JFK,188.0
AUS,JFK,194.0
AUS,JFK,203.0
AUS,JFK,193.0
AUS,JFK,197.0
AUS,JFK,183.0
AUS,JFK,162.0
AUS,JFK,215.0
AUS,JFK,182.0
AUS,JFK,212.0
AUS,JFK,190.0
AUS,JFK,193.0
AUS,JFK,172.0
AUS,JFK,165.0
AUS,JFK,169.0
AUS,JFK,177.0
AUS,JFK,201.0
AUS,JFK,179.0
AUS,JFK,179.0
AUS,JFK,192.0
AUS,JFK,177.0
AUS,JFK,171.0
AUS,JFK,201.0
AUS,JFK,218.0
AUS,JFK,180.0
AUS,JFK,177.0
JFK,AUS,221.0
JFK,AUS,224.0
JFK,AUS,207.0
JFK,AUS,207.0
JFK,AUS,212.0
JFK,AUS,216.0
JFK,AUS,224.0
JFK,AUS,238.0
JFK,AUS,228.0
JFK,AUS,234.0
JFK,AUS,227.0
JFK,AUS,217.0
JFK,AUS,220.0
JFK,AUS,211.0
JFK,AUS,234.0
JFK,AUS,236.0
JFK,AUS,212.0
JFK,AUS,224.0
JFK,AUS,225.0
JFK,AUS,224.0
JFK,AUS,208.0
JFK,AUS,245.0
JFK,AUS,217.0
JFK,AUS,211.0
JFK,AUS,210.0
JFK,AUS,215.0
JFK,AUS,216.0
LAX,MIA,249.0
LAX,MIA,249.0
LAX,MIA,240.0
LAX,MIA,254.0
LAX,MIA,248.0
LAX,MIA,243.0
LAX,MIA,249.0
LAX,MIA,248.0
LAX,MIA,267.0
LAX,MIA,251.0
LAX,MIA,250.0
LAX,MIA,271.0
LAX,MIA,269.0
LAX,MIA,258.0
LAX,MIA,280.0
LAX,MIA,259.0
LAX,MIA,254.0
LAX,MIA,262.0
LAX,MIA,256.0
LAX,MIA,255.0
LAX,MIA,264.0
LAX,MIA,282.0
LAX,MIA,263.0
LAX,MIA,247.0
LAX,MIA,245.0
LAX,MIA,264.0
LAX,MIA,280.0
LAX,MIA,280.0
LAX,MIA,258.0
LAX,MIA,252.0
LAX,MIA,245.0
MIA,LAX,329.0
MIA,LAX,309.0
MIA,LAX,336.0
MIA,LAX,306.0
MIA,LAX,314.0
MIA,LAX,321.0
MIA,LAX,326.0
MIA,LAX,321.0
MIA,LAX,337.0
MIA,LAX,302.0
MIA,LAX,311.0
MIA,LAX,295.0
MIA,LAX,315.0
MIA,LAX,328.0
MIA,LAX,328.0
MIA,LAX,321.0
MIA,LAX,315.0
MIA,LAX,318.0
MIA,LAX,324.0
MIA,LAX,322.0
MIA,LAX,328.0
MIA,LAX,318.0
MIA,LAX,314.0
MIA,LAX,322.0
MIA,LAX,318.0
MIA,LAX,304.0
MIA,LAX,313.0
MIA,LAX,310.0
MIA,LAX,318.0
MIA,LAX,330.0
MIA,LAX,332.0
LAS,DFW,136.0
LAS,DFW,127.0
LAS,DFW,130.0
LAS,DFW,127.0
LAS,DFW,121.0
LAS,DFW,143.0
LAS,DFW,126.0
LAS,DFW,127.0
LAS,DFW,125.0
LAS,DFW,132.0
LAS,DFW,132.0
LAS,DFW,134.0
LAS,DFW,129.0
LAS,DFW,125.0
LAS,DFW,134.0
LAS,DFW,125.0
LAS,DFW,127.0
LAS,DFW,126.0
LAS,DFW,123.0
LAS,DFW,138.0
LAS,DFW,126.0
LAS,DFW,126.0
LAS,DFW,126.0
LAS,DFW,127.0
LAS,DFW,140.0
LAS,DFW,133.0
LAS,DFW,136.0
LAS,DFW,127.0
LAS,DFW,127.0
LAS,DFW,119.0
DFW,LAS,149.0
DFW,LAS,148.0
DFW,LAS,148.0
DFW,LAS,144.0
DFW,LAS,146.0
DFW,LAS,152.0
DFW,LAS,154.0
DFW,LAS,145.0
DFW,LAS,155.0
DFW,LAS,145.0
DFW,LAS,133.0
DFW,LAS,143.0
DFW,LAS,138.0
DFW,LAS,153.0
DFW,LAS,157.0
DFW,LAS,146.0
DFW,LAS,149.0
DFW,LAS,156.0
DFW,LAS,165.0
DFW,LAS,157.0
DFW,LAS,148.0
DFW,LAS,150.0
DFW,LAS,151.0
DFW,LAS,153.0
DFW,LAS,147.0
DFW,LAS,136.0
DFW,LAS,139.0
DFW,LAS,140.0
DFW,LAS,144.0
DFW,LAS,159.0
DFW,LAS,159.0
LAX,LAS,40.0
LAX,LAS,39.0
LAX,LAS,41.0
LAX,LAS,42.0
LAX,LAS,51.0
LAX,LAS,52.0
LAX,LAS,44.0
LAX,LAS,41.0
LAX,LAS,42.0
LAX,LAS,43.0
LAX,LAS,42.0
LAX,LAS,43.0
LAX,LAS,43.0
LAX,LAS,46.0
LAX,LAS,50.0
LAX,LAS,42.0
LAX,LAS,40.0
LAX,LAS,40.0
LAX,LAS,41.0
LAX,LAS,46.0
LAX,LAS,46.0
LAX,LAS,48.0
LAX,LAS,42.0
LAX,LAS,43.0
LAX,LAS,44.0
LAX,LAS,52.0
LAS,LAX,42.0
LAS,LAX,42.0
LAS,LAX,53.0
LAS,LAX,43.0
LAS,LAX,45.0
LAS,LAX,45.0
LAS,LAX,43.0
LAS,LAX,46.0
LAS,LAX,42.0
LAS,LAX,45.0
LAS,LAX,42.0
LAS,LAX,41.0
LAS,LAX,45.0
LAS,LAX,42.0
LAS,LAX,43.0
LAS,LAX,43.0
LAS,LAX,44.0
LAS,LAX,46.0
LAS,LAX,46.0
LAS,LAX,42.0
LAS,LAX,42.0
LAS,LAX,45.0
LAS,LAX,43.0
LAS,LAX,43.0
LAS,LAX,44.0
LAS,LAX,43.0
LAS,LAX,44.0
LAS,LAX,42.0
LAS,LAX,44.0
LAS,LAX,43.0
LAS,LAX,46.0
JFK,MCO,147.0
JFK,MCO,140.0
JFK,MCO,159.0
JFK,MCO,139.0
JFK,MCO,146.0
JFK,MCO,144.0
JFK,MCO,134.0
JFK,MCO,146.0
JFK,MCO,149.0
JFK,MCO,160.0
JFK,MCO,153.0
JFK,MCO,145.0
JFK,MCO,158.0
JFK,MCO,145.0
JFK,MCO,159.0
JFK,MCO,148.0
JFK,MCO,157.0
JFK,MCO,160.0
JFK,MCO,146.0
JFK,MCO,135.0
JFK,MCO,156.0
JFK,MCO,158.0
JFK,MCO,137.0
JFK,MCO,145.0
JFK,MCO,152.0
JFK,MCO,165.0
JFK,MCO,128.0
JFK,MCO,143.0
JFK,MCO,139.0
MCO,JFK,117.0
MCO,JFK,126.0
MCO,JFK,112.0
MCO,JFK,117.0
MCO,JFK,115.0
MCO,JFK,120.0
MCO,JFK,126.0
MCO,JFK,121.0
MCO,JFK,126.0
MCO,JFK,148.0
MCO,JFK,115.0
MCO,JFK,116.0
MCO,JFK,114.0
MCO,JFK,123.0
MCO,JFK,110.0
MCO,JFK,114.0
MCO,JFK,111.0
MCO,JFK,107.0
MCO,JFK,127.0
MCO,JFK,117.0
MCO,JFK,118.0
MCO,JFK,110.0
MCO,JFK,120.0
MCO,JFK,120.0
MCO,JFK,116.0
MCO,JFK,103.0
MCO,JFK,125.0
MCO,JFK,127.0
MCO,JFK,123.0
SLC,DFW,122.0
SLC,DFW,128.0
SLC,DFW,127.0
SLC,DFW,135.0
SLC,DFW,123.0
SLC,DFW,127.0
SLC,DFW,123.0
SLC,DFW,125.0
SLC,DFW,126.0
SLC,DFW,124.0
SLC,DFW,125.0
SLC,DFW,122.0
SLC,DFW,129.0
SLC,DFW,120.0
SLC,DFW,122.0
SLC,DFW,120.0
SLC,DFW,123.0
SLC,DFW,123.0
SLC,DFW,159.0
SLC,DFW,130.0
SLC,DFW,128.0
SLC,DFW,126.0
SLC,DFW,124.0
SLC,DFW,129.0
SLC,DFW,120.0
SLC,DFW,127.0
SLC,DFW,125.0
SLC,DFW,131.0
SLC,DFW,127.0
SLC,DFW,125.0
SLC,DFW,119.0
DFW,SLC,137.0
DFW,SLC,141.0
DFW,SLC,132.0
DFW,SLC,128.0
DFW,SLC,141.0
DFW,SLC,131.0
DFW,SLC,138.0
DFW,SLC,134.0
DFW,SLC,137.0
DFW,SLC,139.0
DFW,SLC,131.0
DFW,SLC,141.0
DFW,SLC,137.0
DFW,SLC,145.0
DFW,SLC,149.0
DFW,SLC,152.0
DFW,SLC,151.0
DFW,SLC,139.0
DFW,SLC,150.0
DFW,SLC,148.0
DFW,SLC,144.0
DFW,SLC,143.0
DFW,SLC,133.0
DFW,SLC,140.0
DFW,SLC,134.0
DFW,SLC,134.0
DFW,SLC,131.0
DFW,SLC,133.0
DFW,SLC,146.0
DFW,SLC,151.0
DFW,SLC,139.0
TUS,DFW,98.0
TUS,DFW,99.0
TUS,DFW,101.0
TUS,DFW,105.0
TUS,DFW,101.0
TUS,DFW,108.0
TUS,DFW,97.0
TUS,DFW,105.0
TUS,DFW,99.0
TUS,DFW,97.0
TUS,DFW,101.0
TUS,DFW,115.0
TUS,DFW,116.0
TUS,DFW,111.0
TUS,DFW,100.0
TUS,DFW,105.0
TUS,DFW,104.0
TUS,DFW,106.0
TUS,DFW,102.0
TUS,DFW,103.0
JFK,STT,189.0
STT,JFK,222.0
STT,JFK,226.0
STT,JFK,220.0
STT,JFK,205.0
STT,JFK,228.0
STT,JFK,237.0
STT,JFK,219.0
STT,JFK,231.0
STT,JFK,214.0
STT,JFK,229.0
STT,JFK,225.0
BOS,ORD,131.0
BOS,ORD,138.0
BOS,ORD,125.0
BOS,ORD,128.0
BOS,ORD,133.0
BOS,ORD,136.0
BOS,ORD,147.0
BOS,ORD,139.0
BOS,ORD,127.0
BOS,ORD,141.0
BOS,ORD,137.0
BOS,ORD,145.0
BOS,ORD,155.0
BOS,ORD,143.0
BOS,ORD,135.0
BOS,ORD,136.0
BOS,ORD,134.0
BOS,ORD,128.0
BOS,ORD,126.0
BOS,ORD,127.0
BOS,ORD,141.0
BOS,ORD,124.0
BOS,ORD,130.0
BOS,ORD,136.0
BOS,ORD,149.0
BOS,ORD,131.0
BOS,ORD,138.0
BOS,ORD,125.0
BOS,ORD,134.0
BOS,ORD,150.0
ORD,BOS,112.0
ORD,BOS,104.0
ORD,BOS,108.0
ORD,BOS,114.0
ORD,BOS,107.0
ORD,BOS,107.0
ORD,BOS,100.0
ORD,BOS,103.0
ORD,BOS,101.0
ORD,BOS,99.0
ORD,BOS,104.0
ORD,BOS,104.0
ORD,BOS,104.0
ORD,BOS,105.0
ORD,BOS,110.0
ORD,BOS,104.0
ORD,BOS,107.0
ORD,BOS,101.0
ORD,BOS,121.0
ORD,BOS,108.0
ORD,BOS,106.0
ORD,BOS,103.0
ORD,BOS,119.0
ORD,BOS,107.0
ORD,BOS,106.0
ORD,BOS,104.0
ORD,BOS,100.0
BOS,JFK,55.0
BOS,JFK,41.0
BOS,JFK,50.0
BOS,JFK,48.0
JFK,BOS,39.0
JFK,BOS,38.0
JFK,BOS,39.0
JFK,BOS,37.0
JFK,MIA,157.0
JFK,MIA,150.0
JFK,MIA,168.0
JFK,MIA,153.0
JFK,MIA,165.0
JFK,MIA,180.0
JFK,MIA,153.0
JFK,MIA,154.0
JFK,MIA,156.0
JFK,MIA,176.0
JFK,MIA,166.0
JFK,MIA,168.0
JFK,MIA,167.0
JFK,MIA,157.0
JFK,MIA,186.0
JFK,MIA,154.0
JFK,MIA,186.0
JFK,MIA,169.0
JFK,MIA,157.0
JFK,MIA,162.0
JFK,MIA,160.0
JFK,MIA,164.0
JFK,MIA,152.0
JFK,MIA,158.0
JFK,MIA,196.0
JFK,MIA,204.0
JFK,MIA,161.0
JFK,MIA,161.0
JFK,MIA,149.0
LAX,BOS,291.0
LAX,BOS,297.0
LAX,BOS,294.0
LAX,BOS,311.0
LAX,BOS,297.0
LAX,BOS,300.0
LAX,BOS,299.0
LAX,BOS,304.0
LAX,BOS,298.0
LAX,BOS,295.0
LAX,BOS,312.0
LAX,BOS,298.0
LAX,BOS,297.0
LAX,BOS,294.0
LAX,BOS,299.0
LAX,BOS,294.0
LAX,BOS,295.0
LAX,BOS,298.0
LAX,BOS,303.0
LAX,BOS,303.0
LAX,BOS,309.0
LAX,BOS,307.0
LAX,BOS,323.0
LAX,BOS,295.0
LAX,BOS,302.0
LAX,BOS,313.0
LAX,BOS,299.0
LAX,BOS,310.0
LAX,BOS,307.0
LAX,BOS,290.0
LAX,BOS,270.0
DFW,FLL,132.0
DFW,STL,71.0
DFW,STL,73.0
DFW,STL,76.0
DFW,STL,76.0
DFW,STL,73.0
DFW,STL,78.0
DFW,STL,80.0
DFW,STL,79.0
DFW,STL,77.0
DFW,STL,78.0
DFW,STL,91.0
DFW,STL,73.0
DFW,STL,74.0
DFW,STL,75.0
DFW,STL,89.0
DFW,STL,69.0
DFW,STL,69.0
DFW,STL,83.0
DFW,STL,80.0
DFW,STL,73.0
FLL,DFW,164.0
BOS,LAX,352.0
BOS,LAX,349.0
BOS,LAX,378.0
BOS,LAX,338.0
MCO,DFW,138.0
MCO,DFW,150.0
MCO,DFW,153.0
MCO,DFW,160.0
MCO,DFW,157.0
MCO,DFW,152.0
MCO,DFW,155.0
MCO,DFW,151.0
MCO,DFW,161.0
MCO,DFW,151.0
MCO,DFW,160.0
MCO,DFW,160.0
MCO,DFW,153.0
MCO,DFW,154.0
MCO,DFW,151.0
MCO,DFW,157.0
MCO,DFW,192.0
MCO,DFW,145.0
MCO,DFW,150.0
MCO,DFW,144.0
MCO,DFW,136.0
MCO,DFW,156.0
MCO,DFW,151.0
MCO,DFW,155.0
MCO,DFW,156.0
MCO,DFW,147.0
MCO,DFW,147.0
DFW,MIA,127.0
DFW,MIA,127.0
DFW,MIA,125.0
DFW,MIA,131.0
DFW,MIA,131.0
DFW,MIA,130.0
DFW,MIA,122.0
DFW,MIA,123.0
DFW,MIA,136.0
DFW,MIA,138.0
DFW,MIA,130.0
DFW,MIA,130.0
DFW,MIA,131.0
DFW,MIA,135.0
DFW,MIA,133.0
DFW,MIA,129.0
DFW,MIA,134.0
DFW,MIA,133.0
DFW,MIA,127.0
DFW,MIA,124.0
DFW,MIA,134.0
DFW,MIA,135.0
DFW,MIA,133.0
DFW,MIA,134.0
DFW,MIA,120.0
DFW,MIA,128.0
DFW,MIA,129.0
DFW,MIA,140.0
DFW,MIA,134.0
DFW,MIA,130.0
DFW,MIA,124.0
MIA,DFW,161.0
MIA,DFW,166.0
MIA,DFW,169.0
MIA,DFW,165.0
MIA,DFW,158.0
MIA,DFW,175.0
MIA,DFW,177.0
MIA,DFW,174.0
MIA,DFW,171.0
MIA,DFW,167.0
MIA,DFW,171.0
MIA,DFW,167.0
MIA,DFW,170.0
MIA,DFW,175.0
MIA,DFW,166.0
MIA,DFW,171.0
MIA,DFW,170.0
MIA,DFW,170.0
MIA,DFW,170.0
MIA,DFW,171.0
MIA,DFW,162.0
MIA,DFW,167.0
MIA,DFW,163.0
MIA,DFW,158.0
MIA,DFW,168.0
MIA,DFW,169.0
MIA,DFW,169.0
MIA,DFW,163.0
MIA,DFW,174.0
MIA,DFW,171.0
MIA,DFW,166.0
SFO,MIA,282.0
SFO,MIA,287.0
SFO,MIA,276.0
SFO,MIA,295.0
SFO,MIA,283.0
SFO,MIA,290.0
SFO,MIA,294.0
SFO,MIA,278.0
SFO,MIA,293.0
SFO,MIA,282.0
SFO,MIA,288.0
SFO,MIA,300.0
SFO,MIA,306.0
SFO,MIA,284.0
SFO,MIA,285.0
SFO,MIA,287.0
SFO,MIA,299.0
SFO,MIA,293.0
SFO,MIA,280.0
SFO,MIA,290.0
SFO,MIA,295.0
SFO,MIA,290.0
SFO,MIA,285.0
SFO,MIA,285.0
SFO,MIA,295.0
SFO,MIA,293.0
SFO,MIA,306.0
SFO,MIA,285.0
SFO,MIA,280.0
SFO,MIA,269.0
LAX,SFO,54.0
LAX,SFO,52.0
LAX,SFO,55.0
LAX,SFO,59.0
LAX,SFO,67.0
LAX,SFO,58.0
LAX,SFO,58.0
LAX,SFO,57.0
LAX,SFO,59.0
LAX,SFO,51.0
LAX,SFO,53.0
LAX,SFO,58.0
LAX,SFO,79.0
LAX,SFO,56.0
LAX,SFO,55.0
LAX,SFO,75.0
LAX,SFO,66.0
LAX,SFO,59.0
LAX,SFO,54.0
LAX,SFO,53.0
LAX,SFO,63.0
LAX,SFO,57.0
LAX,SFO,57.0
LAX,SFO,56.0
LAX,SFO,53.0
LAX,SFO,54.0
LAX,SFO,62.0
LAX,SFO,61.0
LAX,SFO,58.0
LAX,SFO,57.0
SFO,LAX,53.0
SFO,LAX,56.0
SFO,LAX,50.0
SFO,LAX,50.0
SFO,LAX,59.0
SFO,LAX,52.0
SFO,LAX,55.0
SFO,LAX,56.0
SFO,LAX,51.0
SFO,LAX,55.0
SFO,LAX,55.0
SFO,LAX,54.0
SFO,LAX,58.0
SFO,LAX,59.0
SFO,LAX,60.0
SFO,LAX,56.0
SFO,LAX,54.0
SFO,LAX,55.0
SFO,LAX,57.0
SFO,LAX,59.0
SFO,LAX,50.0
SFO,LAX,52.0
SFO,LAX,52.0
SFO,LAX,54.0
SFO,LAX,55.0
SFO,LAX,53.0
SFO,LAX,56.0
SFO,LAX,53.0
SFO,LAX,52.0
LAS,JFK,278.0
LAS,JFK,276.0
LAS,JFK,266.0
LAS,JFK,268.0
LAS,JFK,259.0
LAS,JFK,276.0
LAS,JFK,262.0
LAS,JFK,276.0
LAS,JFK,265.0
LAS,JFK,261.0
LAS,JFK,274.0
LAS,JFK,260.0
LAS,JFK,266.0
LAS,JFK,283.0
LAS,JFK,264.0
LAS,JFK,268.0
LAS,JFK,265.0
LAS,JFK,270.0
LAS,JFK,270.0
LAS,JFK,274.0
LAS,JFK,279.0
LAS,JFK,261.0
LAS,JFK,244.0
JFK,LAS,303.0
JFK,LAS,305.0
JFK,LAS,321.0
JFK,LAS,302.0
JFK,LAS,307.0
JFK,LAS,308.0
JFK,LAS,298.0
JFK,LAS,292.0
JFK,LAS,293.0
JFK,LAS,301.0
JFK,LAS,314.0
JFK,LAS,319.0
JFK,LAS,324.0
JFK,LAS,322.0
JFK,LAS,318.0
JFK,LAS,328.0
JFK,LAS,313.0
JFK,LAS,330.0
JFK,LAS,324.0
JFK,LAS,305.0
JFK,LAS,305.0
JFK,LAS,297.0
JFK,LAS,301.0
JFK,LAS,308.0
JFK,LAS,302.0
JFK,LAS,328.0
JFK,LAS,324.0
JFK,LAS,335.0
LAX,MIA,238.0
LAX,MIA,228.0
LAX,MIA,232.0
LAX,MIA,238.0
LAX,MIA,245.0
LAX,MIA,240.0
LAX,MIA,244.0
LAX,MIA,253.0
LAX,MIA,244.0
LAX,MIA,247.0
LAX,MIA,245.0
LAX,MIA,240.0
LAX,MIA,258.0
LAX,MIA,252.0
LAX,MIA,248.0
LAX,MIA,239.0
LAX,MIA,246.0
LAX,MIA,248.0
LAX,MIA,252.0
LAX,MIA,235.0
LAX,MIA,237.0
LAX,MIA,257.0
LAX,MIA,257.0
LAX,MIA,258.0
LAX,MIA,241.0
LAX,MIA,239.0
LAX,MIA,237.0
OGG,LAX,257.0
OGG,LAX,272.0
OGG,LAX,271.0
OGG,LAX,243.0
LAS,MIA,232.0
LAS,MIA,221.0
LAS,MIA,238.0
LAS,MIA,241.0
LAS,MIA,239.0
LAS,MIA,236.0
LAS,MIA,235.0
LAS,MIA,253.0
LAS,MIA,230.0
LAS,MIA,240.0
LAS,MIA,254.0
LAS,MIA,252.0
LAS,MIA,248.0
LAS,MIA,245.0
LAS,MIA,279.0
LAS,MIA,240.0
LAS,MIA,242.0
LAS,MIA,230.0
LAS,MIA,238.0
LAS,MIA,241.0
LAS,MIA,237.0
LAS,MIA,246.0
LAS,MIA,227.0
LAS,MIA,240.0
LAS,MIA,244.0
LAS,MIA,244.0
LAS,MIA,246.0
LAS,MIA,235.0
LAS,MIA,230.0
LAS,MIA,223.0
SFO,LAX,54.0
SFO,LAX,51.0
SFO,LAX,58.0
SFO,LAX,55.0
SFO,LAX,50.0
SFO,LAX,54.0
SFO,LAX,54.0
SFO,LAX,53.0
SFO,LAX,50.0
SFO,LAX,53.0
SFO,LAX,56.0
SFO,LAX,59.0
SFO,LAX,56.0
SFO,LAX,57.0
SFO,LAX,58.0
SFO,LAX,56.0
SFO,LAX,55.0
SFO,LAX,57.0
SFO,LAX,54.0
SFO,LAX,61.0
SFO,LAX,54.0
SFO,LAX,53.0
SFO,LAX,49.0
SFO,LAX,53.0
SFO,LAX,57.0
SFO,LAX,57.0
SFO,LAX,51.0
SFO,LAX,51.0
SFO,LAX,55.0
SFO,LAX,53.0
LAX,ORD,209.0
LAX,ORD,207.0
LAX,ORD,215.0
LAX,ORD,205.0
LAX,ORD,207.0
LAX,ORD,203.0
LAX,ORD,208.0
LAX,ORD,208.0
LAX,ORD,211.0
LAX,ORD,211.0
LAX,ORD,218.0
LAX,ORD,230.0
LAX,ORD,217.0
LAX,ORD,209.0
LAX,ORD,211.0
LAX,ORD,200.0
LAX,ORD,211.0
LAX,ORD,202.0
LAX,ORD,209.0
LAX,ORD,216.0
LAX,ORD,210.0
LAX,ORD,211.0
LAX,ORD,205.0
LAX,ORD,197.0
LAX,ORD,226.0
LAX,ORD,227.0
LAX,ORD,219.0
LAX,ORD,221.0
LAX,ORD,209.0
LAX,ORD,190.0
LAX,ORD,196.0
TPA,MIA,39.0
TPA,MIA,39.0
TPA,MIA,57.0
TPA,MIA,38.0
TPA,MIA,41.0
TPA,MIA,37.0
TPA,MIA,35.0
TPA,MIA,42.0
TPA,MIA,47.0
TPA,MIA,42.0
TPA,MIA,42.0
TPA,MIA,40.0
TPA,MIA,40.0
TPA,MIA,40.0
TPA,MIA,44.0
TPA,MIA,37.0
TPA,MIA,41.0
TPA,MIA,43.0
TPA,MIA,42.0
TPA,MIA,38.0
TPA,MIA,37.0
TPA,MIA,41.0
TPA,MIA,41.0
TPA,MIA,36.0
TPA,MIA,37.0
TPA,MIA,37.0
TPA,MIA,39.0
TPA,MIA,45.0
TPA,MIA,44.0
TPA,MIA,36.0
TPA,MIA,35.0
DFW,JFK,166.0
DFW,JFK,169.0
DFW,JFK,176.0
SNA,DFW,141.0
SNA,DFW,141.0
SNA,DFW,141.0
SNA,DFW,149.0
SNA,DFW,137.0
SNA,DFW,142.0
SNA,DFW,135.0
SNA,DFW,137.0
SNA,DFW,149.0
SNA,DFW,141.0
SNA,DFW,156.0
SNA,DFW,154.0
SNA,DFW,159.0
SNA,DFW,144.0
SNA,DFW,142.0
SNA,DFW,140.0
SNA,DFW,145.0
SNA,DFW,146.0
SNA,DFW,173.0
SNA,DFW,147.0
SNA,DFW,150.0
SNA,DFW,153.0
SNA,DFW,144.0
SNA,DFW,145.0
SNA,DFW,148.0
SNA,DFW,156.0
SNA,DFW,155.0
SNA,DFW,156.0
SNA,DFW,154.0
SNA,DFW,140.0
SNA,DFW,136.0
BOS,LAX,336.0
BOS,LAX,360.0
BOS,LAX,345.0
BOS,LAX,338.0
BOS,LAX,348.0
BOS,LAX,359.0
BOS,LAX,341.0
BOS,LAX,336.0
BOS,LAX,355.0
BOS,LAX,352.0
BOS,LAX,344.0
BOS,LAX,346.0
BOS,LAX,354.0
BOS,LAX,369.0
BOS,LAX,332.0
BOS,LAX,357.0
BOS,LAX,344.0
BOS,LAX,355.0
BOS,LAX,348.0
BOS,LAX,339.0
BOS,LAX,342.0
BOS,LAX,344.0
BOS,LAX,361.0
BOS,LAX,359.0
BOS,LAX,332.0
BOS,LAX,340.0
BOS,LAX,339.0
BOS,LAX,335.0
BOS,LAX,353.0
BOS,LAX,375.0
BOS,LAX,377.0
LAS,ORD,182.0
LAS,ORD,184.0
LAS,ORD,181.0
LAS,ORD,187.0
LAS,ORD,178.0
LAS,ORD,189.0
LAS,ORD,183.0
LAS,ORD,182.0
LAS,ORD,182.0
LAS,ORD,182.0
LAS,ORD,203.0
LAS,ORD,185.0
JFK,LAX,337.0
JFK,LAX,344.0
JFK,LAX,337.0
JFK,LAX,331.0
JFK,LAX,347.0
JFK,LAX,351.0
JFK,LAX,327.0
JFK,LAX,328.0
JFK,LAX,327.0
JFK,LAX,328.0
JFK,LAX,332.0
JFK,LAX,345.0
JFK,LAX,336.0
JFK,LAX,340.0
JFK,LAX,351.0
JFK,LAX,340.0
JFK,LAX,335.0
JFK,LAX,352.0
JFK,LAX,356.0
JFK,LAX,343.0
JFK,LAX,328.0
JFK,LAX,339.0
JFK,LAX,333.0
JFK,LAX,332.0
JFK,LAX,331.0
JFK,LAX,326.0
JFK,LAX,326.0
JFK,LAX,347.0
JFK,LAX,362.0
LAX,JFK,272.0
LAX,JFK,299.0
LAX,JFK,286.0
LAX,JFK,295.0
LAX,JFK,306.0
LAX,JFK,299.0
LAX,JFK,289.0
LAX,JFK,304.0
LAX,JFK,297.0
LAX,JFK,312.0
LAX,JFK,291.0
LAX,JFK,294.0
LAX,JFK,303.0
LAX,JFK,294.0
LAX,JFK,294.0
LAX,JFK,294.0
LAX,JFK,307.0
LAX,JFK,300.0
LAX,JFK,310.0
LAX,JFK,298.0
LAX,JFK,321.0
LAX,JFK,307.0
LAX,JFK,281.0
JFK,LAX,341.0
JFK,LAX,333.0
JFK,LAX,348.0
JFK,LAX,327.0
JFK,LAX,325.0
JFK,LAX,322.0
JFK,LAX,324.0
JFK,LAX,326.0
JFK,LAX,329.0
JFK,LAX,331.0
JFK,LAX,356.0
JFK,LAX,332.0
JFK,LAX,341.0
JFK,LAX,335.0
JFK,LAX,337.0
JFK,LAX,377.0
JFK,LAX,344.0
JFK,LAX,349.0
JFK,LAX,340.0
JFK,LAX,335.0
JFK,LAX,327.0
JFK,LAX,335.0
JFK,LAX,334.0
JFK,LAX,323.0
JFK,LAX,324.0
JFK,LAX,351.0
JFK,LAX,359.0
LAX,JFK,299.0
LAX,JFK,286.0
LAX,JFK,313.0
LAX,JFK,292.0
LAX,JFK,309.0
LAX,JFK,298.0
LAX,JFK,289.0
LAX,JFK,307.0
LAX,JFK,301.0
LAX,JFK,290.0
LAX,JFK,299.0
LAX,JFK,297.0
LAX,JFK,276.0
LAX,JFK,294.0
LAX,JFK,296.0
LAX,JFK,301.0
LAX,JFK,283.0
LAX,JFK,314.0
LAX,JFK,306.0
LAX,JFK,312.0
LAX,JFK,268.0
DFW,HNL,505.0
DFW,HNL,514.0
DFW,HNL,504.0
DFW,HNL,527.0
DFW,HNL,518.0
DFW,HNL,495.0
DFW,HNL,494.0
DFW,HNL,505.0
DFW,HNL,522.0
DFW,HNL,493.0
DFW,HNL,510.0
DFW,HNL,500.0
DFW,HNL,497.0
DFW,HNL,503.0
DFW,HNL,521.0
DFW,HNL,514.0
DFW,HNL,506.0
DFW,HNL,526.0
DFW,HNL,509.0
DFW,HNL,493.0
DFW,HNL,502.0
DFW,HNL,487.0
DFW,HNL,480.0
DFW,HNL,469.0
DFW,HNL,486.0
DFW,HNL,494.0
DFW,HNL,505.0
DFW,HNL,518.0
OKC,DFW,40.0
OKC,DFW,35.0
OKC,DFW,36.0
OKC,DFW,40.0
OKC,DFW,34.0
OKC,DFW,35.0
OKC,DFW,39.0
OKC,DFW,33.0
OKC,DFW,47.0
OKC,DFW,36.0
OKC,DFW,32.0
OKC,DFW,32.0
OKC,DFW,32.0
OKC,DFW,33.0
OKC,DFW,45.0
OKC,DFW,41.0
OKC,DFW,32.0
OKC,DFW,40.0
OKC,DFW,38.0
OKC,DFW,43.0
OKC,DFW,53.0
OKC,DFW,39.0
OKC,DFW,41.0
OKC,DFW,38.0
OKC,DFW,33.0
OKC,DFW,44.0
OKC,DFW,37.0
OKC,DFW,30.0
OKC,DFW,35.0
OKC,DFW,35.0
OKC,DFW,35.0
OGG,DFW,375.0
OGG,DFW,379.0
OGG,DFW,381.0
OGG,DFW,359.0
OGG,DFW,360.0
OGG,DFW,372.0
OGG,DFW,385.0
OGG,DFW,392.0
OGG,DFW,378.0
OGG,DFW,379.0
OGG,DFW,401.0
OGG,DFW,400.0
OGG,DFW,399.0
OGG,DFW,397.0
OGG,DFW,385.0
OGG,DFW,381.0
OGG,DFW,390.0
OGG,DFW,382.0
OGG,DFW,377.0
OGG,DFW,381.0
OGG,DFW,383.0
OGG,DFW,394.0
OGG,DFW,398.0
OGG,DFW,391.0
OGG,DFW,386.0
OGG,DFW,414.0
OGG,DFW,423.0
OGG,DFW,392.0
OGG,DFW,374.0
OGG,DFW,358.0
OGG,DFW,371.0
DFW,OGG,485.0
DFW,OGG,484.0
DFW,OGG,502.0
DFW,OGG,509.0
DFW,OGG,520.0
DFW,OGG,496.0
DFW,OGG,481.0
DFW,OGG,516.0
DFW,OGG,527.0
DFW,OGG,508.0
DFW,OGG,495.0
DFW,OGG,500.0
DFW,OGG,482.0
DFW,OGG,496.0
DFW,OGG,514.0
DFW,OGG,520.0
DFW,OGG,501.0
DFW,OGG,488.0
DFW,OGG,501.0
DFW,OGG,545.0
DFW,OGG,514.0
DFW,OGG,509.0
DFW,OGG,480.0
DFW,OGG,487.0
DFW,OGG,489.0
DFW,OGG,468.0
DFW,OGG,461.0
DFW,OGG,464.0
DFW,OGG,487.0
DFW,OGG,483.0
DFW,OGG,504.0
HNL,DFW,382.0
HNL,DFW,390.0
HNL,DFW,383.0
HNL,DFW,375.0
HNL,DFW,368.0
HNL,DFW,369.0
HNL,DFW,404.0
HNL,DFW,401.0
HNL,DFW,402.0
HNL,DFW,404.0
HNL,DFW,409.0
HNL,DFW,414.0
HNL,DFW,416.0
HNL,DFW,410.0
HNL,DFW,396.0
HNL,DFW,400.0
HNL,DFW,401.0
HNL,DFW,384.0
HNL,DFW,395.0
HNL,DFW,400.0
HNL,DFW,407.0
HNL,DFW,419.0
HNL,DFW,418.0
HNL,DFW,399.0
HNL,DFW,397.0
HNL,DFW,436.0
HNL,DFW,422.0
HNL,DFW,411.0
HNL,DFW,383.0
HNL,DFW,366.0
HNL,DFW,378.0
JFK,SFO,369.0
JFK,SFO,367.0
JFK,SFO,352.0
JFK,SFO,344.0
JFK,SFO,352.0
JFK,SFO,346.0
JFK,SFO,348.0
JFK,SFO,341.0
JFK,SFO,343.0
JFK,SFO,359.0
JFK,SFO,383.0
JFK,SFO,387.0
JFK,SFO,363.0
JFK,SFO,366.0
JFK,SFO,367.0
JFK,SFO,377.0
JFK,SFO,361.0
JFK,SFO,342.0
JFK,SFO,375.0
JFK,SFO,362.0
JFK,SFO,351.0
JFK,SFO,345.0
JFK,SFO,355.0
JFK,SFO,381.0
LAX,JFK,281.0
LAX,JFK,287.0
LAX,JFK,280.0
LAX,JFK,298.0
LAX,JFK,289.0
LAX,JFK,291.0
LAX,JFK,292.0
LAX,JFK,282.0
LAX,JFK,285.0
LAX,JFK,290.0
LAX,JFK,287.0
LAX,JFK,305.0
LAX,JFK,315.0
LAX,JFK,289.0
LAX,JFK,288.0
LAX,JFK,273.0
LAX,JFK,294.0
LAX,JFK,284.0
LAX,JFK,281.0
LAX,JFK,289.0
LAX,JFK,284.0
LAX,JFK,285.0
LAX,JFK,310.0
LAX,JFK,300.0
LAX,JFK,309.0
LAX,JFK,293.0
LAX,JFK,277.0
LAX,JFK,259.0
SFO,JFK,296.0
SFO,JFK,309.0
SFO,JFK,327.0
SFO,JFK,305.0
SFO,JFK,312.0
SFO,JFK,308.0
SFO,JFK,321.0
SFO,JFK,318.0
SFO,JFK,301.0
SFO,JFK,305.0
SFO,JFK,312.0
SFO,JFK,316.0
SFO,JFK,303.0
SFO,JFK,295.0
SFO,JFK,299.0
SFO,JFK,289.0
SFO,JFK,301.0
SFO,JFK,306.0
SFO,JFK,301.0
SFO,JFK,301.0
SFO,JFK,310.0
SFO,JFK,296.0
SFO,JFK,311.0
SFO,JFK,303.0
SFO,JFK,274.0
OGG,LAX,257.0
OGG,LAX,273.0
OGG,LAX,244.0
OGG,LAX,242.0
OGG,LAX,272.0
OGG,LAX,272.0
OGG,LAX,271.0
OGG,LAX,251.0
OGG,LAX,268.0
OGG,LAX,287.0
OGG,LAX,282.0
OGG,LAX,258.0
OGG,LAX,254.0
DFW,SLC,133.0
JFK,SFO,350.0
JFK,SFO,357.0
JFK,SFO,346.0
JFK,SFO,352.0
JFK,SFO,341.0
JFK,SFO,341.0
JFK,SFO,357.0
JFK,SFO,339.0
JFK,SFO,351.0
JFK,SFO,360.0
JFK,SFO,386.0
JFK,SFO,360.0
JFK,SFO,355.0
JFK,SFO,368.0
JFK,SFO,363.0
JFK,SFO,363.0
JFK,SFO,364.0
JFK,SFO,357.0
JFK,SFO,356.0
JFK,SFO,370.0
JFK,SFO,352.0
JFK,SFO,353.0
JFK,SFO,357.0
JFK,SFO,347.0
JFK,SFO,347.0
JFK,SFO,375.0
JFK,SFO,377.0
SFO,JFK,296.0
SFO,JFK,301.0
SFO,JFK,303.0
SFO,JFK,309.0
SFO,JFK,306.0
SFO,JFK,300.0
SFO,JFK,305.0
SFO,JFK,324.0
SFO,JFK,306.0
SFO,JFK,297.0
SFO,JFK,305.0
SFO,JFK,301.0
SFO,JFK,307.0
SFO,JFK,302.0
SFO,JFK,297.0
SFO,JFK,300.0
SFO,JFK,298.0
SFO,JFK,301.0
SFO,JFK,305.0
SFO,JFK,304.0
SFO,JFK,319.0
SFO,JFK,308.0
SFO,JFK,318.0
SFO,JFK,303.0
SFO,JFK,281.0
SFO,JFK,279.0
JFK,SFO,355.0
JFK,SFO,357.0
JFK,SFO,368.0
JFK,SFO,345.0
JFK,SFO,326.0
JFK,SFO,337.0
JFK,SFO,351.0
JFK,SFO,337.0
JFK,SFO,350.0
JFK,SFO,374.0
JFK,SFO,377.0
JFK,SFO,370.0
JFK,SFO,367.0
JFK,SFO,372.0
JFK,SFO,365.0
JFK,SFO,372.0
JFK,SFO,358.0
JFK,SFO,350.0
JFK,SFO,360.0
JFK,SFO,332.0
JFK,SFO,338.0
JFK,SFO,349.0
JFK,SFO,353.0
JFK,SFO,384.0
JFK,SFO,365.0
JFK,SFO,368.0
MIA,TUL,164.0
SEA,DFW,209.0
SFO,JFK,301.0
SFO,JFK,312.0
SFO,JFK,291.0
SFO,JFK,299.0
SFO,JFK,282.0
SFO,JFK,298.0
SFO,JFK,290.0
SFO,JFK,294.0
SFO,JFK,292.0
SFO,JFK,309.0
SFO,JFK,322.0
SFO,JFK,305.0
SFO,JFK,300.0
SFO,JFK,290.0
JFK,LAX,332.0
JFK,LAX,341.0
JFK,LAX,329.0
JFK,LAX,326.0
JFK,LAX,326.0
JFK,LAX,321.0
JFK,LAX,318.0
JFK,LAX,323.0
JFK,LAX,322.0
JFK,LAX,333.0
JFK,LAX,345.0
JFK,LAX,333.0
JFK,LAX,344.0
JFK,LAX,343.0
JFK,LAX,350.0
JFK,LAX,336.0
JFK,LAX,366.0
JFK,LAX,347.0
JFK,LAX,340.0
JFK,LAX,319.0
JFK,LAX,325.0
JFK,LAX,334.0
JFK,LAX,335.0
JFK,LAX,324.0
JFK,LAX,324.0
JFK,LAX,350.0
JFK,LAX,359.0
SFO,JFK,294.0
SFO,JFK,300.0
SFO,JFK,298.0
SFO,JFK,300.0
SFO,JFK,309.0
SFO,JFK,294.0
SFO,JFK,309.0
SFO,JFK,294.0
SFO,JFK,301.0
SFO,JFK,300.0
SFO,JFK,285.0
SFO,JFK,305.0
SFO,JFK,294.0
SFO,JFK,293.0
SFO,JFK,290.0
SFO,JFK,305.0
SFO,JFK,294.0
SFO,JFK,313.0
SFO,JFK,314.0
SFO,JFK,312.0
SFO,JFK,299.0
SFO,JFK,304.0
SFO,JFK,300.0
SFO,JFK,280.0
JFK,LAX,335.0
JFK,LAX,343.0
JFK,LAX,341.0
JFK,LAX,343.0
JFK,LAX,327.0
JFK,LAX,315.0
JFK,LAX,329.0
JFK,LAX,333.0
JFK,LAX,334.0
JFK,LAX,323.0
JFK,LAX,347.0
JFK,LAX,331.0
JFK,LAX,340.0
JFK,LAX,354.0
JFK,LAX,343.0
JFK,LAX,329.0
JFK,LAX,335.0
JFK,LAX,318.0
JFK,LAX,319.0
JFK,LAX,328.0
JFK,LAX,326.0
JFK,LAX,321.0
JFK,LAX,355.0
LAX,JFK,291.0
LAX,JFK,283.0
LAX,JFK,277.0
LAX,JFK,304.0
LAX,JFK,283.0
LAX,JFK,292.0
LAX,JFK,294.0
LAX,JFK,297.0
LAX,JFK,295.0
LAX,JFK,306.0
LAX,JFK,295.0
LAX,JFK,303.0
LAX,JFK,301.0
LAX,JFK,278.0
LAX,JFK,288.0
LAX,JFK,290.0
LAX,JFK,295.0
LAX,JFK,288.0
LAX,JFK,308.0
LAX,JFK,304.0
LAX,JFK,300.0
LAX,JFK,290.0
LAX,JFK,265.0
JFK,LAX,334.0
JFK,LAX,337.0
SFO,JFK,297.0
SFO,JFK,299.0
SFO,JFK,319.0
SFO,JFK,302.0
SFO,JFK,356.0
SFO,JFK,308.0
SFO,JFK,305.0
SFO,JFK,300.0
SFO,JFK,300.0
SFO,JFK,306.0
SFO,JFK,300.0
SFO,JFK,307.0
SFO,JFK,300.0
SFO,JFK,274.0
DFW,PHL,144.0
DFW,PHL,161.0
DFW,PHL,168.0
DFW,PHL,161.0
DFW,PHL,160.0
DFW,PHL,173.0
DFW,PHL,151.0
DFW,PHL,152.0
DFW,PHL,149.0
DFW,PHL,154.0
DFW,PHL,160.0
DFW,PHL,159.0
DFW,PHL,158.0
DFW,PHL,161.0
DFW,PHL,164.0
DFW,PHL,152.0
DFW,PHL,154.0
DFW,PHL,161.0
DFW,PHL,160.0
DFW,PHL,156.0
DFW,PHL,161.0
DFW,PHL,152.0
DFW,PHL,146.0
DFW,PHL,155.0
DFW,PHL,160.0
DFW,PHL,165.0
DFW,PHL,174.0
DFW,PHL,165.0
DFW,PHL,164.0
PHL,DFW,207.0
PHL,DFW,197.0
PHL,DFW,192.0
PHL,DFW,176.0
PHL,DFW,173.0
PHL,DFW,179.0
PHL,DFW,188.0
PHL,DFW,207.0
PHL,DFW,210.0
PHL,DFW,200.0
PHL,DFW,194.0
PHL,DFW,187.0
PHL,DFW,180.0
PHL,DFW,191.0
PHL,DFW,198.0
PHL,DFW,197.0
PHL,DFW,212.0
PHL,DFW,186.0
PHL,DFW,206.0
PHL,DFW,202.0
PHL,DFW,211.0
PHL,DFW,177.0
PHL,DFW,194.0
PHL,DFW,202.0
PHL,DFW,209.0
PHL,DFW,180.0
PHL,DFW,183.0
PHL,DFW,185.0
PHL,DFW,184.0
DFW,SNA,166.0
JFK,LAX,334.0
MIA,IAD,119.0
MIA,IAD,122.0
MIA,IAD,120.0
MIA,IAD,124.0
LAX,JFK,289.0
LAX,JFK,279.0
LAX,JFK,291.0
LAX,JFK,290.0
LAX,JFK,292.0
LAX,JFK,287.0
LAX,JFK,294.0
LAX,JFK,299.0
LAX,JFK,283.0
LAX,JFK,297.0
LAX,JFK,300.0
LAX,JFK,297.0
LAX,JFK,279.0
LAX,JFK,291.0
LAX,JFK,266.0
LAX,JFK,291.0
LAX,JFK,284.0
LAX,JFK,289.0
LAX,JFK,298.0
LAX,JFK,292.0
LAX,JFK,287.0
LAX,JFK,282.0
LAX,JFK,313.0
LAX,JFK,303.0
LAX,JFK,300.0
LAX,JFK,303.0
LAX,JFK,270.0
LAX,JFK,264.0
MIA,BOS,163.0
MIA,BOS,163.0
MIA,BOS,149.0
MIA,BOS,155.0
MIA,BOS,148.0
MIA,BOS,150.0
MIA,BOS,155.0
MIA,BOS,154.0
MIA,BOS,154.0
MIA,BOS,154.0
MIA,BOS,145.0
MIA,BOS,151.0
MIA,BOS,159.0
MIA,BOS,159.0
MIA,BOS,143.0
MIA,BOS,145.0
MIA,BOS,149.0
MIA,BOS,147.0
MIA,BOS,163.0
MIA,BOS,159.0
MIA,BOS,153.0
MIA,BOS,147.0
MIA,BOS,150.0
MIA,BOS,159.0
MIA,BOS,170.0
MIA,BOS,159.0
MIA,BOS,153.0
MIA,BOS,146.0
MIA,BOS,170.0
MIA,BOS,165.0
MIA,BOS,164.0
LAX,JFK,284.0
LAX,JFK,288.0
LAX,JFK,293.0
LAX,JFK,301.0
LAX,HNL,342.0
LAX,HNL,346.0
LAX,HNL,344.0
LAX,HNL,379.0
LAX,HNL,368.0
LAX,HNL,376.0
LAX,HNL,336.0
LAX,HNL,343.0
LAX,HNL,367.0
LAX,HNL,342.0
LAX,HNL,352.0
LAX,HNL,349.0
LAX,HNL,329.0
LAX,HNL,338.0
LAX,HNL,344.0
LAX,HNL,351.0
LAX,HNL,345.0
LAX,HNL,347.0
LAX,HNL,346.0
LAX,HNL,346.0
LAX,HNL,355.0
LAX,HNL,342.0
LAX,HNL,345.0
LAX,HNL,345.0
LAX,HNL,335.0
LAX,HNL,324.0
LAX,HNL,335.0
LAX,HNL,338.0
LAX,HNL,335.0
LAX,HNL,357.0
LAX,HNL,370.0
LAX,JFK,294.0
LAX,JFK,294.0
LAX,JFK,308.0
LAX,JFK,294.0
LAX,JFK,286.0
LAX,JFK,296.0
LAX,JFK,303.0
LAX,JFK,289.0
LAX,JFK,310.0
LAX,JFK,307.0
LAX,JFK,302.0
LAX,JFK,290.0
LAX,JFK,287.0
LAX,JFK,324.0
LAX,JFK,284.0
LAX,JFK,295.0
LAX,JFK,278.0
LAX,JFK,289.0
LAX,JFK,296.0
LAX,JFK,296.0
LAX,JFK,290.0
LAX,JFK,300.0
LAX,JFK,305.0
LAX,JFK,314.0
LAX,JFK,298.0
LAX,JFK,283.0
LAX,JFK,268.0
JFK,LAX,332.0
JFK,LAX,346.0
JFK,LAX,336.0
JFK,LAX,366.0
JFK,LAX,349.0
JFK,LAX,336.0
JFK,LAX,321.0
JFK,LAX,333.0
JFK,LAX,342.0
JFK,LAX,338.0
JFK,LAX,337.0
JFK,LAX,342.0
JFK,LAX,357.0
JFK,LAX,342.0
JFK,LAX,340.0
JFK,LAX,326.0
JFK,LAX,329.0
JFK,LAX,342.0
JFK,LAX,328.0
JFK,LAX,357.0
LAX,JFK,277.0
LAX,JFK,293.0
LAX,JFK,288.0
LAX,JFK,300.0
LAX,JFK,299.0
LAX,JFK,299.0
LAX,JFK,293.0
LAX,JFK,314.0
LAX,JFK,301.0
LAX,JFK,293.0
LAX,JFK,300.0
LAX,JFK,293.0
LAX,JFK,291.0
LAX,JFK,303.0
LAX,JFK,296.0
LAX,JFK,290.0
LAX,JFK,293.0
LAX,JFK,304.0
LAX,JFK,305.0
LAX,JFK,289.0
LAX,JFK,297.0
LAX,JFK,301.0
LAX,JFK,309.0
LAX,JFK,307.0
LAX,JFK,266.0
LGA,MCO,146.0
LGA,MCO,150.0
LGA,MCO,152.0
LGA,MCO,143.0
MCO,LGA,121.0
MCO,LGA,126.0
MCO,LGA,119.0
MCO,LGA,118.0
SFO,DFW,169.0
SFO,DFW,172.0
SFO,DFW,174.0
SFO,DFW,190.0
SFO,DFW,168.0
SFO,DFW,177.0
SFO,DFW,177.0
SFO,DFW,177.0
SFO,DFW,174.0
SFO,DFW,178.0
SFO,DFW,185.0
SFO,DFW,177.0
SFO,DFW,178.0
SFO,DFW,174.0
SFO,DFW,169.0
SFO,DFW,169.0
SFO,DFW,192.0
SFO,DFW,175.0
SFO,DFW,165.0
SFO,DFW,169.0
SFO,DFW,178.0
SFO,DFW,174.0
SFO,DFW,169.0
SFO,DFW,176.0
SFO,DFW,172.0
SFO,DFW,182.0
SFO,DFW,181.0
SFO,DFW,184.0
SFO,DFW,178.0
SFO,DFW,161.0
SFO,DFW,160.0
DFW,SFO,206.0
DFW,SFO,201.0
DFW,SFO,198.0
DFW,SFO,200.0
DFW,SFO,212.0
DFW,SFO,189.0
DFW,SFO,196.0
DFW,SFO,194.0
DFW,SFO,203.0
DFW,SFO,196.0
DFW,SFO,193.0
DFW,SFO,193.0
DFW,SFO,199.0
DFW,SFO,208.0
DFW,SFO,206.0
DFW,SFO,203.0
DFW,SFO,207.0
DFW,SFO,203.0
DFW,SFO,223.0
DFW,SFO,210.0
DFW,SFO,194.0
DFW,SFO,216.0
DFW,SFO,197.0
DFW,SFO,206.0
DFW,SFO,194.0
DFW,SFO,189.0
DFW,SFO,198.0
DFW,SFO,194.0
DFW,SFO,222.0
DFW,SFO,218.0
DFW,SFO,211.0
BOS,ORD,130.0
BOS,ORD,136.0
BOS,ORD,135.0
BOS,ORD,128.0
BOS,ORD,125.0
BOS,ORD,135.0
BOS,ORD,135.0
BOS,ORD,139.0
BOS,ORD,154.0
BOS,ORD,145.0
BOS,ORD,134.0
BOS,ORD,128.0
BOS,ORD,118.0
BOS,ORD,123.0
BOS,ORD,128.0
BOS,ORD,142.0
BOS,ORD,133.0
BOS,ORD,135.0
BOS,ORD,148.0
BOS,ORD,131.0
BOS,ORD,139.0
BOS,ORD,125.0
BOS,ORD,140.0
MCO,DFW,150.0
MCO,DFW,146.0
MCO,DFW,149.0
ORD,SEA,224.0
ORD,SEA,228.0
ORD,SEA,244.0
ORD,SEA,229.0
ORD,SEA,224.0
ORD,SEA,225.0
ORD,SEA,223.0
ORD,SEA,225.0
ORD,SEA,234.0
ORD,SEA,250.0
ORD,SEA,245.0
ORD,SEA,242.0
ORD,SEA,246.0
ORD,SEA,240.0
ORD,SEA,237.0
ORD,SEA,254.0
ORD,SEA,264.0
ORD,SEA,239.0
ORD,SEA,240.0
ORD,SEA,243.0
ORD,SEA,239.0
ORD,SEA,239.0
ORD,SEA,230.0
ORD,SEA,229.0
ORD,SEA,233.0
ORD,SEA,244.0
ORD,SEA,242.0
ORD,SEA,243.0
ORD,SEA,234.0
ORD,SEA,231.0
SEA,ORD,230.0
SEA,ORD,209.0
SEA,ORD,212.0
SEA,ORD,214.0
SEA,ORD,213.0
SEA,ORD,208.0
SEA,ORD,219.0
SEA,ORD,207.0
SEA,ORD,205.0
SEA,ORD,207.0
SEA,ORD,197.0
SEA,ORD,197.0
SEA,ORD,198.0
SEA,ORD,204.0
SEA,ORD,198.0
SEA,ORD,191.0
SEA,ORD,195.0
SEA,ORD,198.0
SEA,ORD,207.0
SEA,ORD,208.0
SEA,ORD,212.0
SEA,ORD,204.0
SEA,ORD,206.0
SEA,ORD,213.0
SEA,ORD,212.0
SEA,ORD,203.0
SEA,ORD,210.0
SEA,ORD,194.0
SEA,ORD,198.0
SEA,ORD,204.0
DFW,DTW,121.0
DFW,DTW,123.0
DFW,DTW,130.0
DFW,DTW,130.0
DFW,DTW,130.0
DFW,SFO,212.0
DFW,SFO,213.0
DFW,SFO,214.0
DFW,SFO,205.0
DFW,SFO,223.0
DFW,SFO,213.0
DFW,SFO,205.0
DFW,SFO,211.0
DFW,SFO,212.0
DFW,SFO,199.0
DFW,SFO,202.0
DFW,SFO,191.0
DFW,SFO,193.0
DFW,SFO,190.0
DFW,SFO,208.0
DFW,SFO,206.0
DFW,SFO,212.0
SFO,ORD,219.0
SFO,ORD,209.0
SFO,ORD,226.0
SFO,ORD,233.0
BOS,ORD,148.0
BOS,ORD,128.0
BOS,ORD,142.0
BOS,ORD,134.0
LAX,OGG,338.0
LAX,OGG,331.0
LAX,OGG,343.0
LAX,OGG,370.0
LAX,OGG,322.0
LAX,OGG,355.0
LAX,OGG,337.0
LAX,OGG,345.0
LAX,OGG,348.0
LAX,OGG,343.0
LAX,OGG,331.0
LAX,OGG,338.0
LAX,OGG,339.0
HNL,LAX,270.0
HNL,LAX,287.0
HNL,LAX,273.0
HNL,LAX,259.0
HNL,LAX,256.0
HNL,LAX,261.0
HNL,LAX,293.0
HNL,LAX,284.0
HNL,LAX,277.0
HNL,LAX,280.0
HNL,LAX,273.0
HNL,LAX,270.0
HNL,LAX,295.0
HNL,LAX,289.0
HNL,LAX,276.0
HNL,LAX,281.0
HNL,LAX,288.0
HNL,LAX,282.0
HNL,LAX,272.0
HNL,LAX,274.0
HNL,LAX,284.0
HNL,LAX,298.0
HNL,LAX,297.0
HNL,LAX,290.0
HNL,LAX,300.0
HNL,LAX,305.0
HNL,LAX,295.0
HNL,LAX,276.0
HNL,LAX,271.0
HNL,LAX,260.0
HNL,LAX,274.0
LAX,MCO,239.0
LAX,MCO,236.0
LAX,MCO,235.0
LAX,MCO,246.0
LAX,MCO,238.0
LAX,MCO,245.0
LAX,MCO,240.0
LAX,MCO,263.0
LAX,MCO,239.0
LAX,MCO,240.0
LAX,MCO,257.0
LAX,MCO,257.0
LAX,MCO,255.0
LAX,MCO,247.0
LAX,MCO,238.0
LAX,MCO,244.0
LAX,MCO,244.0
LAX,MCO,245.0
LAX,MCO,245.0
LAX,MCO,244.0
LAX,MCO,255.0
LAX,MCO,249.0
LAX,MCO,252.0
LAX,MCO,242.0
LAX,MCO,252.0
LAX,MCO,254.0
LAX,MCO,254.0
LAX,MCO,251.0
LAX,MCO,241.0
LAX,MCO,236.0
LAX,MCO,221.0
JFK,SFO,350.0
JFK,SFO,346.0
JFK,SFO,344.0
JFK,SFO,326.0
JFK,SFO,343.0
JFK,SFO,362.0
JFK,SFO,372.0
JFK,SFO,362.0
JFK,SFO,371.0
JFK,SFO,369.0
JFK,SFO,343.0
JFK,SFO,356.0
JFK,SFO,348.0
JFK,SFO,340.0
JFK,SFO,362.0
JFK,SFO,360.0
SFO,JFK,298.0
SFO,JFK,304.0
SFO,JFK,300.0
SFO,JFK,314.0
SFO,JFK,302.0
SFO,JFK,313.0
SFO,JFK,310.0
SFO,JFK,303.0
SFO,JFK,298.0
SFO,JFK,305.0
SFO,JFK,293.0
SFO,JFK,302.0
SFO,JFK,304.0
SFO,JFK,291.0
SFO,JFK,311.0
SFO,JFK,300.0
SFO,JFK,308.0
SFO,JFK,308.0
SFO,JFK,299.0
SFO,JFK,310.0
SFO,JFK,282.0
SFO,JFK,276.0
DFW,LAS,150.0
DFW,LAS,140.0
DFW,LAS,144.0
MCO,DFW,149.0
MCO,DFW,152.0
MCO,DFW,156.0
MCO,DFW,157.0
MCO,DFW,160.0
MCO,DFW,154.0
MCO,DFW,155.0
MCO,DFW,161.0
MCO,DFW,165.0
MCO,DFW,156.0
MCO,DFW,159.0
MCO,DFW,160.0
MCO,DFW,159.0
MCO,DFW,155.0
MCO,DFW,152.0
MCO,DFW,148.0
MCO,DFW,172.0
MCO,DFW,151.0
MCO,DFW,153.0
MCO,DFW,147.0
MCO,DFW,152.0
MCO,DFW,151.0
MCO,DFW,161.0
MCO,DFW,147.0
MCO,DFW,166.0
MCO,DFW,138.0
MCO,DFW,148.0
BOS,LAX,354.0
BOS,LAX,354.0
BOS,LAX,370.0
BOS,LAX,343.0
BOS,LAX,349.0
BOS,LAX,350.0
BOS,LAX,339.0
BOS,LAX,341.0
BOS,LAX,335.0
BOS,LAX,358.0
BOS,LAX,376.0
BOS,LAX,371.0
BOS,LAX,361.0
BOS,LAX,363.0
BOS,LAX,359.0
BOS,LAX,331.0
BOS,LAX,362.0
BOS,LAX,358.0
BOS,LAX,345.0
BOS,LAX,346.0
BOS,LAX,342.0
BOS,LAX,340.0
BOS,LAX,401.0
MIA,SFO,352.0
MIA,SFO,350.0
MIA,SFO,347.0
MIA,SFO,343.0
MIA,SFO,344.0
MIA,SFO,347.0
MIA,SFO,343.0
MIA,SFO,362.0
MIA,SFO,352.0
MIA,SFO,354.0
MIA,SFO,349.0
MIA,SFO,350.0
MIA,SFO,362.0
MIA,SFO,352.0
MIA,SFO,361.0
MIA,SFO,383.0
MIA,SFO,379.0
MIA,SFO,358.0
MIA,SFO,391.0
MIA,SFO,377.0
MIA,SFO,357.0
MIA,SFO,373.0
MIA,SFO,369.0
MIA,SFO,347.0
MIA,SFO,350.0
MIA,SFO,368.0
MIA,SFO,350.0
MIA,SFO,351.0
MIA,SFO,380.0
MIA,SFO,353.0
MIA,SFO,369.0
ORD,RDU,83.0
ORD,RDU,88.0
ORD,RDU,81.0
ORD,RDU,84.0
ORD,RDU,96.0
ORD,RDU,94.0
ORD,RDU,100.0
ORD,RDU,94.0
ORD,RDU,99.0
ORD,RDU,85.0
ORD,RDU,88.0
ORD,RDU,74.0
ORD,RDU,84.0
ORD,RDU,86.0
ORD,RDU,97.0
ORD,RDU,85.0
ORD,RDU,83.0
ORD,RDU,88.0
ORD,RDU,83.0
ORD,RDU,83.0
ORD,RDU,93.0
ORD,RDU,88.0
ORD,RDU,87.0
ORD,RDU,90.0
ORD,RDU,88.0
ORD,RDU,90.0
ORD,RDU,89.0
ORD,RDU,82.0
ORD,RDU,86.0
ORD,RDU,88.0
RDU,DFW,179.0
RDU,DFW,141.0
RDU,DFW,149.0
RDU,DFW,143.0
RDU,DFW,162.0
RDU,DFW,164.0
RDU,DFW,166.0
RDU,DFW,175.0
RDU,DFW,166.0
RDU,DFW,156.0
RDU,DFW,158.0
RDU,DFW,158.0
RDU,DFW,162.0
RDU,DFW,181.0
RDU,DFW,154.0
RDU,DFW,168.0
RDU,DFW,171.0
RDU,DFW,169.0
RDU,DFW,156.0
RDU,DFW,173.0
RDU,DFW,175.0
RDU,DFW,156.0
RDU,DFW,158.0
RDU,DFW,153.0
RDU,DFW,159.0
SFO,LAX,65.0
SFO,LAX,56.0
SFO,LAX,58.0
SFO,LAX,56.0
SFO,LAX,57.0
SFO,LAX,56.0
SFO,LAX,60.0
SFO,LAX,53.0
SFO,LAX,50.0
SFO,LAX,53.0
SFO,LAX,54.0
SFO,LAX,57.0
SFO,LAX,58.0
SFO,LAX,60.0
SFO,LAX,56.0
SFO,LAX,57.0
SFO,LAX,53.0
SFO,LAX,55.0
SFO,LAX,55.0
SFO,LAX,50.0
SFO,LAX,54.0
SFO,LAX,52.0
SFO,LAX,60.0
SFO,LAX,52.0
SFO,LAX,53.0
SFO,LAX,52.0
SFO,LAX,54.0
SFO,LAX,59.0
SFO,LAX,58.0
SFO,LAX,54.0
SFO,LAX,62.0
LAX,LAS,41.0
LAX,LAS,40.0
LAX,LAS,41.0
LAX,LAS,42.0
LAX,SFO,54.0
LAX,SFO,64.0
LAX,SFO,59.0
LAX,SFO,57.0
LAX,SFO,55.0
LAX,SFO,54.0
LAX,SFO,54.0
LAX,SFO,63.0
LAX,SFO,56.0
LAX,SFO,57.0
LAX,SFO,64.0
LAX,SFO,69.0
LAX,SFO,69.0
LAX,SFO,54.0
LAX,SFO,59.0
LAX,SFO,63.0
LAX,SFO,55.0
LAX,SFO,58.0
LAX,SFO,52.0
LAX,SFO,53.0
LAX,SFO,57.0
LAX,SFO,59.0
LAX,SFO,59.0
JFK,LAX,332.0
JFK,LAX,339.0
JFK,LAX,342.0
JFK,LAX,357.0
JFK,LAX,347.0
JFK,LAX,336.0
JFK,LAX,333.0
JFK,LAX,330.0
JFK,LAX,348.0
JFK,LAX,333.0
JFK,LAX,338.0
JFK,LAX,346.0
JFK,LAX,354.0
JFK,LAX,347.0
JFK,LAX,344.0
JFK,LAX,336.0
JFK,LAX,326.0
JFK,LAX,327.0
JFK,LAX,327.0
JFK,LAX,372.0
LAX,JFK,283.0
LAX,JFK,287.0
LAX,JFK,285.0
LAX,JFK,287.0
LAX,JFK,296.0
LAX,JFK,305.0
LAX,JFK,296.0
LAX,JFK,315.0
LAX,JFK,299.0
LAX,JFK,301.0
LAX,JFK,292.0
LAX,JFK,289.0
LAX,JFK,285.0
LAX,JFK,303.0
LAX,JFK,294.0
LAX,JFK,304.0
LAX,JFK,286.0
LAX,JFK,307.0
LAX,JFK,302.0
LAX,JFK,308.0
LAX,JFK,272.0
DCA,DFW,199.0
DCA,DFW,182.0
DCA,DFW,182.0
DCA,DFW,181.0
MCO,DFW,142.0
MCO,DFW,155.0
MCO,DFW,155.0
MCO,DFW,159.0
MCO,DFW,154.0
MCO,DFW,149.0
MCO,DFW,154.0
MCO,DFW,148.0
MCO,DFW,150.0
MCO,DFW,160.0
MCO,DFW,148.0
MCO,DFW,146.0
MCO,DFW,159.0
MCO,DFW,151.0
MCO,DFW,147.0
MCO,DFW,182.0
MCO,DFW,150.0
MCO,DFW,149.0
MCO,DFW,144.0
MCO,DFW,148.0
MCO,DFW,150.0
MCO,DFW,145.0
MCO,DFW,152.0
MCO,DFW,170.0
MCO,DFW,145.0
MCO,DFW,150.0
DFW,DCA,121.0
DFW,DCA,138.0
DFW,DCA,138.0
DFW,DCA,139.0
DFW,MCO,126.0
DFW,MCO,130.0
DFW,MCO,121.0
DFW,MCO,112.0
DFW,MCO,117.0
DFW,MCO,119.0
DFW,MCO,120.0
DFW,MCO,131.0
DFW,MCO,123.0
DFW,MCO,124.0
DFW,MCO,114.0
DFW,MCO,116.0
DFW,MCO,119.0
DFW,MCO,120.0
DFW,MCO,125.0
DFW,MCO,119.0
DFW,MCO,137.0
DFW,MCO,123.0
DFW,MCO,119.0
DFW,MCO,124.0
DFW,MCO,113.0
DFW,MCO,123.0
DFW,MCO,132.0
DFW,MCO,132.0
DFW,MCO,126.0
DFW,MCO,117.0
DFW,MCO,134.0
DFW,SFO,192.0
JFK,SFO,349.0
JFK,SFO,346.0
JFK,SFO,333.0
JFK,SFO,355.0
JFK,SFO,344.0
JFK,SFO,351.0
JFK,SFO,366.0
JFK,SFO,367.0
JFK,SFO,360.0
JFK,SFO,364.0
JFK,SFO,362.0
JFK,SFO,371.0
JFK,SFO,365.0
JFK,SFO,344.0
JFK,SFO,351.0
JFK,SFO,337.0
JFK,SFO,335.0
JFK,SFO,346.0
JFK,SFO,346.0
JFK,SFO,412.0
JFK,SFO,368.0
MCO,LAX,296.0
MCO,LAX,307.0
MCO,LAX,323.0
MCO,LAX,298.0
MCO,LAX,291.0
MCO,LAX,298.0
MCO,LAX,300.0
MCO,LAX,308.0
MCO,LAX,301.0
MCO,LAX,314.0
MCO,LAX,289.0
MCO,LAX,295.0
MCO,LAX,298.0
MCO,LAX,295.0
MCO,LAX,301.0
MCO,LAX,314.0
MCO,LAX,305.0
MCO,LAX,299.0
MCO,LAX,311.0
MCO,LAX,304.0
MCO,LAX,300.0
MCO,LAX,302.0
MCO,LAX,296.0
MCO,LAX,301.0
MCO,LAX,305.0
MCO,LAX,282.0
MCO,LAX,288.0
MCO,LAX,285.0
MCO,LAX,298.0
MCO,LAX,299.0
MCO,LAX,315.0
JFK,SFO,362.0
JFK,SFO,357.0
JFK,SFO,347.0
JFK,SFO,360.0
JFK,SFO,343.0
JFK,SFO,334.0
JFK,SFO,323.0
JFK,SFO,350.0
JFK,SFO,368.0
JFK,SFO,363.0
JFK,SFO,381.0
JFK,SFO,362.0
JFK,SFO,361.0
JFK,SFO,363.0
JFK,SFO,384.0
JFK,SFO,357.0
JFK,SFO,348.0
JFK,SFO,353.0
JFK,SFO,340.0
JFK,SFO,354.0
JFK,SFO,355.0
JFK,SFO,340.0
JFK,SFO,353.0
JFK,SFO,372.0
LAX,JFK,279.0
LAX,JFK,284.0
LAX,JFK,280.0
LAX,JFK,298.0
LAX,JFK,290.0
LAX,JFK,280.0
LAX,JFK,291.0
LAX,JFK,279.0
LAX,JFK,292.0
LAX,JFK,298.0
LAX,JFK,290.0
LAX,JFK,321.0
LAX,JFK,281.0
LAX,JFK,289.0
LAX,JFK,301.0
LAX,JFK,275.0
LAX,JFK,290.0
LAX,JFK,285.0
LAX,JFK,286.0
LAX,JFK,296.0
LAX,JFK,294.0
LAX,JFK,288.0
LAX,JFK,308.0
LAX,JFK,293.0
LAX,JFK,293.0
LAX,JFK,286.0
LAX,JFK,274.0
LAX,JFK,264.0
JFK,LAX,332.0
JFK,LAX,331.0
JFK,LAX,346.0
JFK,LAX,329.0
JFK,LAX,331.0
JFK,LAX,339.0
JFK,LAX,319.0
JFK,LAX,320.0
JFK,LAX,333.0
JFK,LAX,347.0
JFK,LAX,337.0
JFK,LAX,331.0
JFK,LAX,344.0
JFK,LAX,334.0
JFK,LAX,334.0
JFK,LAX,352.0
JFK,LAX,349.0
JFK,LAX,325.0
JFK,LAX,342.0
JFK,LAX,333.0
JFK,LAX,331.0
JFK,LAX,326.0
JFK,LAX,330.0
JFK,LAX,322.0
JFK,LAX,324.0
JFK,LAX,349.0
LAX,AUS,141.0
LAX,AUS,138.0
LAX,AUS,145.0
LAX,AUS,150.0
LAX,AUS,146.0
LAX,AUS,145.0
LAX,AUS,144.0
LAX,AUS,143.0
LAX,AUS,144.0
LAX,AUS,146.0
LAX,AUS,139.0
LAX,AUS,147.0
LAX,AUS,151.0
LAX,AUS,149.0
LAX,AUS,136.0
LAX,LAS,40.0
LAX,LAS,45.0
LAX,LAS,38.0
LAX,LAS,50.0
AUS,LAX,183.0
AUS,LAX,183.0
AUS,LAX,175.0
AUS,LAX,182.0
AUS,LAX,173.0
AUS,LAX,173.0
AUS,LAX,162.0
AUS,LAX,168.0
AUS,LAX,174.0
AUS,LAX,185.0
AUS,LAX,183.0
AUS,LAX,174.0
AUS,LAX,173.0
AUS,LAX,178.0
AUS,LAX,180.0
AUS,LAX,180.0
AUS,LAX,179.0
AUS,LAX,169.0
AUS,LAX,176.0
AUS,LAX,176.0
AUS,LAX,165.0
AUS,LAX,163.0
AUS,LAX,169.0
AUS,LAX,168.0
AUS,LAX,172.0
AUS,LAX,180.0
LAS,LAX,42.0
LAS,LAX,43.0
LAS,LAX,46.0
LAS,LAX,41.0
DFW,SEA,204.0
DFW,SEA,217.0
DFW,SEA,225.0
DFW,EWR,187.0
DFW,EWR,170.0
DFW,EWR,152.0
DFW,EWR,160.0
DFW,EWR,156.0
DFW,EWR,155.0
DFW,EWR,171.0
DFW,EWR,196.0
DFW,EWR,167.0
DFW,EWR,167.0
DFW,EWR,163.0
DFW,IAD,123.0
DFW,IAD,136.0
DFW,IAD,150.0
DFW,RIC,131.0
DFW,RIC,139.0
DFW,RIC,141.0
LGA,MCO,139.0
LGA,MCO,149.0
LGA,MCO,141.0
LGA,MCO,141.0
LGA,MCO,146.0
LGA,MCO,162.0
LGA,MCO,152.0
LGA,MCO,150.0
LGA,MCO,152.0
LGA,MCO,146.0
LGA,MCO,161.0
LGA,MCO,151.0
LGA,MCO,156.0
LGA,MCO,173.0
LGA,MCO,137.0
LGA,MCO,149.0
LGA,MCO,141.0
LGA,MCO,155.0
LGA,MCO,142.0
LGA,MCO,159.0
LGA,MCO,159.0
LGA,MCO,137.0
LGA,MCO,143.0
LGA,MCO,135.0
RIC,DFW,196.0
RIC,DFW,172.0
RIC,DFW,169.0
RIC,DFW,167.0
ORD,JFK,96.0
ORD,JFK,99.0
ORD,JFK,97.0
ORD,JFK,100.0
ORD,JFK,107.0
ORD,JFK,106.0
ORD,JFK,101.0
ORD,JFK,100.0
ORD,JFK,100.0
ORD,JFK,105.0
ORD,JFK,98.0
ORD,JFK,110.0
ORD,JFK,101.0
ORD,JFK,91.0
ORD,JFK,98.0
ORD,JFK,96.0
ORD,JFK,103.0
ORD,JFK,95.0
ORD,JFK,107.0
ORD,JFK,98.0
ORD,JFK,98.0
ORD,JFK,99.0
ORD,JFK,97.0
ORD,JFK,95.0
ORD,JFK,100.0
ORD,JFK,97.0
ORD,JFK,101.0
ORD,JFK,97.0
ORD,JFK,98.0
JFK,ORD,120.0
JFK,ORD,124.0
JFK,ORD,125.0
JFK,ORD,116.0
JFK,ORD,108.0
JFK,ORD,119.0
JFK,ORD,125.0
JFK,ORD,112.0
JFK,ORD,118.0
JFK,ORD,119.0
JFK,ORD,131.0
JFK,ORD,120.0
JFK,ORD,124.0
JFK,ORD,137.0
JFK,ORD,122.0
JFK,ORD,126.0
JFK,ORD,122.0
JFK,ORD,126.0
JFK,ORD,123.0
JFK,ORD,111.0
JFK,ORD,121.0
JFK,ORD,122.0
JFK,ORD,122.0
JFK,ORD,129.0
JFK,ORD,118.0
JFK,ORD,118.0
JFK,ORD,117.0
JFK,ORD,119.0
JFK,ORD,129.0
DFW,PDX,204.0
DFW,PDX,214.0
DFW,PDX,215.0
DFW,PDX,210.0
JFK,LAX,340.0
JFK,LAX,325.0
JFK,LAX,354.0
JFK,LAX,323.0
JFK,LAX,335.0
JFK,LAX,332.0
JFK,LAX,314.0
JFK,LAX,337.0
JFK,LAX,329.0
JFK,LAX,335.0
JFK,LAX,330.0
JFK,LAX,337.0
JFK,LAX,331.0
JFK,LAX,339.0
JFK,LAX,329.0
JFK,LAX,334.0
JFK,LAX,344.0
JFK,LAX,355.0
JFK,LAX,348.0
JFK,LAX,340.0
JFK,LAX,340.0
JFK,LAX,324.0
JFK,LAX,334.0
JFK,LAX,321.0
JFK,LAX,330.0
JFK,LAX,325.0
JFK,LAX,328.0
JFK,LAX,349.0
JFK,LAX,346.0
MIA,SEA,351.0
MIA,SEA,357.0
MIA,SEA,366.0
MIA,SEA,345.0
MIA,SEA,347.0
MIA,SEA,336.0
MIA,SEA,335.0
MIA,SEA,363.0
MIA,SEA,380.0
MIA,SEA,361.0
MIA,SEA,382.0
MIA,SEA,374.0
MIA,SEA,373.0
MIA,SEA,364.0
MIA,SEA,387.0
MIA,SEA,382.0
MIA,SEA,401.0
MIA,SEA,388.0
MIA,SEA,379.0
MIA,SEA,381.0
MIA,SEA,369.0
MIA,SEA,365.0
MIA,SEA,373.0
MIA,SEA,353.0
MIA,SEA,392.0
MIA,SEA,369.0
MIA,SEA,365.0
MIA,SEA,368.0
MIA,SEA,371.0
MIA,SEA,377.0
MIA,SEA,358.0
DCA,DFW,224.0
DCA,DFW,183.0
DCA,DFW,173.0
DCA,DFW,171.0
LGA,DFW,195.0
LGA,DFW,199.0
LGA,DFW,204.0
LGA,DFW,205.0
LGA,DFW,218.0
LGA,DFW,208.0
LGA,DFW,212.0
LGA,DFW,207.0
LGA,DFW,215.0
LGA,DFW,187.0
LGA,DFW,220.0
LGA,DFW,217.0
LGA,DFW,213.0
LGA,DFW,204.0
LGA,DFW,214.0
LGA,DFW,206.0
LGA,DFW,223.0
LGA,DFW,205.0
LGA,DFW,222.0
LGA,DFW,219.0
LGA,DFW,202.0
LGA,DFW,190.0
LGA,DFW,197.0
LGA,DFW,201.0
DFW,DCA,123.0
DFW,DCA,137.0
DFW,DCA,163.0
DFW,LGA,179.0
DFW,LGA,168.0
DFW,LGA,169.0
DFW,LGA,149.0
DFW,LGA,156.0
DFW,LGA,162.0
DFW,LGA,169.0
DFW,LGA,165.0
DFW,LGA,168.0
DFW,LGA,169.0
DFW,LGA,151.0
DFW,LGA,175.0
DFW,LGA,167.0
DFW,LGA,161.0
DFW,LGA,174.0
DFW,LGA,177.0
DFW,LGA,162.0
DFW,LGA,168.0
DFW,LGA,168.0
DFW,LGA,180.0
DFW,LGA,164.0
ATL,MIA,84.0
ATL,MIA,85.0
ATL,MIA,101.0
ATL,MIA,86.0
ATL,MIA,93.0
ATL,MIA,91.0
ATL,MIA,87.0
ATL,MIA,91.0
ATL,MIA,94.0
ATL,MIA,86.0
ATL,MIA,98.0
ATL,MIA,87.0
ATL,MIA,92.0
ATL,MIA,78.0
ATL,MIA,86.0
ATL,MIA,131.0
ATL,MIA,85.0
ATL,MIA,84.0
ATL,MIA,82.0
ATL,MIA,88.0
ATL,MIA,96.0
ATL,MIA,123.0
ATL,MIA,87.0
ATL,MIA,87.0
ATL,MIA,90.0
MIA,LAX,321.0
MIA,LAX,319.0
MIA,LAX,323.0
MIA,LAX,315.0
MIA,LAX,316.0
MIA,LAX,349.0
MIA,LAX,324.0
MIA,LAX,335.0
MIA,LAX,325.0
MIA,LAX,324.0
MIA,LAX,316.0
MIA,LAX,318.0
MIA,LAX,313.0
MIA,LAX,325.0
MIA,LAX,332.0
MIA,LAX,321.0
MIA,LAX,323.0
MIA,LAX,326.0
MIA,LAX,318.0
MIA,LAX,325.0
MIA,LAX,330.0
MIA,LAX,319.0
MIA,LAX,315.0
MIA,LAX,314.0
MIA,LAX,323.0
MIA,LAX,327.0
MIA,LAX,308.0
MIA,LAX,305.0
MIA,LAX,317.0
MIA,LAX,321.0
MIA,LAX,340.0
DFW,SJC,204.0
DFW,SJC,198.0
DFW,SJC,192.0
DFW,SJC,200.0
DFW,SJC,201.0
DFW,SJC,196.0
DFW,SJC,205.0
DFW,SJC,199.0
DFW,SJC,214.0
DFW,SJC,191.0
DFW,SJC,180.0
DFW,SJC,188.0
DFW,SJC,192.0
DFW,SJC,217.0
DFW,SJC,204.0
DFW,SJC,210.0
DFW,SJC,208.0
DFW,SJC,212.0
DFW,SJC,219.0
DFW,SJC,207.0
DFW,SJC,213.0
DFW,SJC,209.0
DFW,SJC,202.0
DFW,SJC,209.0
DFW,SJC,192.0
DFW,SJC,191.0
DFW,SJC,195.0
DFW,SJC,200.0
DFW,SJC,208.0
DFW,SJC,206.0
DFW,SJC,210.0
DCA,DFW,161.0
DCA,DFW,169.0
DCA,DFW,172.0
DCA,DFW,182.0
DCA,DFW,191.0
DCA,DFW,183.0
DCA,DFW,179.0
DCA,DFW,173.0
DCA,DFW,180.0
DCA,DFW,170.0
DCA,DFW,181.0
DCA,DFW,191.0
DCA,DFW,180.0
DCA,DFW,179.0
DCA,DFW,183.0
DCA,DFW,174.0
DCA,DFW,196.0
DCA,DFW,169.0
DCA,DFW,192.0
DCA,DFW,172.0
DCA,DFW,172.0
DCA,DFW,165.0
DCA,DFW,168.0
DCA,DFW,169.0
DFW,LAX,170.0
DFW,LAX,166.0
DFW,LAX,172.0
DFW,LAX,166.0
LAX,HNL,351.0
LAX,HNL,341.0
LAX,HNL,348.0
LAX,HNL,387.0
HNL,LAX,268.0
HNL,LAX,278.0
HNL,LAX,271.0
HNL,LAX,256.0
SJC,ORD,221.0
SJC,ORD,222.0
SJC,ORD,222.0
SJC,ORD,233.0
SJC,ORD,232.0
SJC,ORD,231.0
SJC,ORD,243.0
SJC,ORD,223.0
SJC,ORD,238.0
SJC,ORD,208.0
SJC,ORD,229.0
SJC,ORD,220.0
SJC,ORD,223.0
SJC,ORD,220.0
SJC,ORD,215.0
SJC,ORD,227.0
SJC,ORD,237.0
SJC,ORD,238.0
SJC,ORD,222.0
SJC,ORD,230.0
SJC,ORD,229.0
SJC,ORD,245.0
SJC,ORD,228.0
SJC,ORD,235.0
SJC,ORD,224.0
SJC,ORD,206.0
SJC,ORD,207.0
DFW,BOS,168.0
DFW,BOS,185.0
DFW,BOS,193.0
SEA,DFW,204.0
SEA,DFW,204.0
SEA,DFW,200.0
SEA,DFW,211.0
SEA,DFW,198.0
SEA,DFW,207.0
SEA,DFW,200.0
SEA,DFW,203.0
SEA,DFW,203.0
SEA,DFW,204.0
SEA,DFW,207.0
SEA,DFW,197.0
SEA,DFW,205.0
SEA,DFW,194.0
SEA,DFW,190.0
SEA,DFW,194.0
SEA,DFW,189.0
SEA,DFW,198.0
SEA,DFW,187.0
SEA,DFW,188.0
SEA,DFW,206.0
SEA,DFW,201.0
SEA,DFW,201.0
SEA,DFW,199.0
SEA,DFW,198.0
SEA,DFW,204.0
SEA,DFW,199.0
SEA,DFW,209.0
SEA,DFW,187.0
SEA,DFW,189.0
SEA,DFW,187.0
BOS,JFK,49.0
BOS,JFK,48.0
BOS,JFK,52.0
JFK,BOS,43.0
JFK,BOS,39.0
JFK,BOS,45.0
LBB,DFW,46.0
LBB,DFW,47.0
LBB,DFW,44.0
LBB,DFW,53.0
LBB,DFW,49.0
LBB,DFW,46.0
LBB,DFW,47.0
LBB,DFW,48.0
LBB,DFW,46.0
LBB,DFW,53.0
LBB,DFW,46.0
LBB,DFW,48.0
LBB,DFW,47.0
LBB,DFW,50.0
LBB,DFW,52.0
LBB,DFW,54.0
LBB,DFW,48.0
LBB,DFW,47.0
LBB,DFW,42.0
LBB,DFW,43.0
LBB,DFW,53.0
LBB,DFW,45.0
LBB,DFW,47.0
LBB,DFW,45.0
LBB,DFW,42.0
AUS,LAX,177.0
AUS,LAX,176.0
AUS,LAX,178.0
AUS,LAX,170.0
LAS,LAX,61.0
LAS,LAX,51.0
LAS,LAX,44.0
LAS,LAX,43.0
LAS,LAX,43.0
LAS,LAX,44.0
LAS,LAX,41.0
LAS,LAX,41.0
LAS,LAX,46.0
LAS,LAX,41.0
LAS,LAX,44.0
LAS,LAX,42.0
LAS,LAX,40.0
LAS,LAX,47.0
LAS,LAX,42.0
LAS,LAX,41.0
LAS,LAX,41.0
LAS,LAX,42.0
LAS,LAX,45.0
LAS,LAX,43.0
LAS,LAX,41.0
LAS,LAX,38.0
LAS,LAX,43.0
LAS,LAX,42.0
LAS,LAX,45.0
LAS,LAX,44.0
LAS,LAX,44.0
LAX,BOS,281.0
LAX,BOS,291.0
LAX,BOS,287.0
LAX,BOS,311.0
LAX,BOS,296.0
LAX,BOS,295.0
LAX,BOS,299.0
LAX,BOS,299.0
LAX,BOS,309.0
LAX,BOS,308.0
LAX,BOS,305.0
LAX,BOS,308.0
LAX,BOS,288.0
LAX,BOS,299.0
LAX,BOS,298.0
LAX,BOS,299.0
LAX,BOS,293.0
LAX,BOS,303.0
LAX,BOS,319.0
LAX,BOS,320.0
LAX,BOS,292.0
LAX,BOS,291.0
LAX,BOS,306.0
LAX,BOS,300.0
LAX,BOS,312.0
LAX,BOS,309.0
LAX,BOS,275.0
BOS,LAX,342.0
BOS,LAX,346.0
BOS,LAX,346.0
BOS,LAX,323.0
BOS,LAX,358.0
BOS,LAX,349.0
BOS,LAX,334.0
BOS,LAX,346.0
BOS,LAX,334.0
BOS,LAX,347.0
BOS,LAX,337.0
BOS,LAX,356.0
BOS,LAX,368.0
BOS,LAX,343.0
BOS,LAX,365.0
BOS,LAX,329.0
BOS,LAX,359.0
BOS,LAX,345.0
BOS,LAX,342.0
BOS,LAX,328.0
BOS,LAX,335.0
BOS,LAX,351.0
BOS,LAX,361.0
BOS,LAX,339.0
BOS,LAX,346.0
BOS,LAX,346.0
BOS,LAX,345.0
BOS,LAX,353.0
BOS,LAX,380.0
BOS,LAX,376.0
CLT,MIA,99.0
CLT,MIA,101.0
CLT,MIA,99.0
CLT,MIA,91.0
CLT,MIA,99.0
CLT,MIA,107.0
CLT,MIA,109.0
CLT,MIA,97.0
CLT,MIA,93.0
CLT,MIA,103.0
CLT,MIA,98.0
CLT,MIA,91.0
CLT,MIA,97.0
CLT,MIA,94.0
CLT,MIA,104.0
CLT,MIA,98.0
CLT,MIA,106.0
CLT,MIA,95.0
CLT,MIA,91.0
CLT,MIA,95.0
CLT,MIA,100.0
CLT,MIA,89.0
CLT,MIA,88.0
CLT,MIA,91.0
CLT,MIA,120.0
CLT,MIA,145.0
CLT,MIA,96.0
CLT,MIA,99.0
CLT,MIA,92.0
MIA,CLT,95.0
MIA,CLT,97.0
MIA,CLT,94.0
MIA,CLT,92.0
MIA,CLT,89.0
MIA,CLT,88.0
MIA,CLT,97.0
MIA,CLT,101.0
MIA,CLT,98.0
MIA,CLT,88.0
MIA,CLT,96.0
MIA,CLT,97.0
MIA,CLT,102.0
MIA,CLT,96.0
MIA,CLT,103.0
MIA,CLT,92.0
MIA,CLT,87.0
MIA,CLT,94.0
MIA,CLT,97.0
MIA,CLT,95.0
MIA,CLT,98.0
MIA,CLT,108.0
MIA,CLT,104.0
MIA,CLT,91.0
MIA,CLT,93.0
MIA,CLT,94.0
MIA,CLT,94.0
MIA,CLT,97.0
DFW,ELP,83.0
DFW,ELP,82.0
DFW,ELP,79.0
DFW,ELP,88.0
DFW,ELP,80.0
DFW,ELP,85.0
DFW,ELP,86.0
DFW,ELP,88.0
DFW,ELP,84.0
DFW,ELP,84.0
DFW,ELP,82.0
DFW,ELP,79.0
DFW,ELP,84.0
DFW,ELP,82.0
DFW,ELP,81.0
DFW,ELP,80.0
DFW,ELP,86.0
DFW,ELP,79.0
DFW,ELP,87.0
DFW,ELP,83.0
DFW,ELP,82.0
DFW,ELP,81.0
DFW,ELP,78.0
DFW,ELP,86.0
DFW,ELP,86.0
DFW,ELP,82.0
DFW,ELP,75.0
DFW,ELP,76.0
DFW,ELP,85.0
DFW,ELP,79.0
DFW,ELP,87.0
ELP,DFW,67.0
ELP,DFW,74.0
ELP,DFW,71.0
ELP,DFW,77.0
ELP,DFW,76.0
ELP,DFW,80.0
ELP,DFW,71.0
ELP,DFW,72.0
ELP,DFW,70.0
ELP,DFW,71.0
ELP,DFW,76.0
ELP,DFW,81.0
ELP,DFW,84.0
ELP,DFW,73.0
ELP,DFW,70.0
ELP,DFW,75.0
ELP,DFW,70.0
ELP,DFW,73.0
ELP,DFW,76.0
ELP,DFW,72.0
ELP,DFW,75.0
ELP,DFW,75.0
ELP,DFW,74.0
ELP,DFW,70.0
ELP,DFW,68.0
ELP,DFW,73.0
ELP,DFW,81.0
ELP,DFW,76.0
ELP,DFW,76.0
ELP,DFW,79.0
ELP,DFW,68.0
DFW,ELP,86.0
DFW,ELP,81.0
DFW,ELP,82.0
DFW,ELP,78.0
DFW,ELP,98.0
DFW,ELP,103.0
DFW,ELP,85.0
DFW,ELP,96.0
DFW,ELP,88.0
DFW,ELP,86.0
DFW,ELP,91.0
DFW,ELP,70.0
DFW,ELP,77.0
DFW,ELP,79.0
DFW,ELP,81.0
DFW,ELP,82.0
DFW,ELP,85.0
DFW,ELP,74.0
DFW,ELP,87.0
DFW,ELP,86.0
DFW,ELP,83.0
DFW,ELP,79.0
DFW,ELP,79.0
DFW,ELP,86.0
DFW,ELP,87.0
DFW,ELP,85.0
DFW,ELP,70.0
DFW,ELP,73.0
DFW,ELP,81.0
DFW,ELP,74.0
DFW,ELP,83.0
ELP,DFW,68.0
ELP,DFW,76.0
ELP,DFW,71.0
ELP,DFW,75.0
ELP,DFW,73.0
ELP,DFW,89.0
ELP,DFW,71.0
ELP,DFW,74.0
ELP,DFW,70.0
ELP,DFW,70.0
ELP,DFW,75.0
ELP,DFW,80.0
ELP,DFW,85.0
ELP,DFW,80.0
ELP,DFW,71.0
ELP,DFW,75.0
ELP,DFW,69.0
ELP,DFW,79.0
ELP,DFW,71.0
ELP,DFW,69.0
ELP,DFW,74.0
ELP,DFW,75.0
ELP,DFW,75.0
ELP,DFW,73.0
ELP,DFW,71.0
ELP,DFW,75.0
ELP,DFW,96.0
ELP,DFW,76.0
ELP,DFW,76.0
ELP,DFW,76.0
ELP,DFW,70.0
DCA,DFW,190.0
DCA,DFW,178.0
DCA,DFW,177.0
DCA,DFW,173.0
DCA,DFW,162.0
DCA,DFW,168.0
DCA,DFW,169.0
DCA,DFW,179.0
DCA,DFW,188.0
DCA,DFW,186.0
DCA,DFW,178.0
DCA,DFW,175.0
DCA,DFW,178.0
DCA,DFW,174.0
DCA,DFW,190.0
DCA,DFW,193.0
DCA,DFW,177.0
DCA,DFW,169.0
DCA,DFW,185.0
DCA,DFW,174.0
DCA,DFW,191.0
DCA,DFW,171.0
DCA,DFW,195.0
DCA,DFW,170.0
DCA,DFW,176.0
DCA,DFW,171.0
DCA,DFW,167.0
DCA,DFW,177.0
DFW,DCA,122.0
DFW,DCA,135.0
DFW,DCA,140.0
DFW,DCA,150.0
DFW,DCA,150.0
DFW,DCA,140.0
DFW,DCA,143.0
DFW,DCA,140.0
DFW,DCA,137.0
DFW,DCA,130.0
DFW,DCA,130.0
DFW,DCA,134.0
DFW,DCA,138.0
DFW,DCA,140.0
DFW,DCA,135.0
DFW,DCA,136.0
DFW,DCA,133.0
DFW,DCA,135.0
DFW,DCA,141.0
DFW,DCA,137.0
DFW,DCA,133.0
DFW,DCA,142.0
DFW,DCA,126.0
DFW,DCA,133.0
DFW,DCA,138.0
DFW,DCA,150.0
DFW,DCA,144.0
DFW,DCA,139.0
DCA,ORD,90.0
DCA,ORD,93.0
DCA,ORD,97.0
DCA,ORD,88.0
DCA,ORD,91.0
DCA,ORD,101.0
DCA,ORD,103.0
DCA,ORD,103.0
DCA,ORD,103.0
DCA,ORD,94.0
DCA,ORD,99.0
DCA,ORD,99.0
DCA,ORD,99.0
DCA,ORD,95.0
DCA,ORD,102.0
DCA,ORD,98.0
DCA,ORD,97.0
DCA,ORD,96.0
DCA,ORD,95.0
MCO,ORD,149.0
MCO,ORD,148.0
MCO,ORD,138.0
MCO,ORD,162.0
ORD,DCA,83.0
ORD,DCA,85.0
ORD,DCA,85.0
ORD,DCA,87.0
ORD,DCA,87.0
ORD,DCA,82.0
ORD,DCA,84.0
ORD,DCA,77.0
ORD,DCA,79.0
ORD,DCA,76.0
ORD,DCA,90.0
ORD,DCA,78.0
ORD,DCA,77.0
ORD,DCA,79.0
ORD,DCA,80.0
ORD,DCA,83.0
ORD,DCA,83.0
ORD,DCA,85.0
ORD,DCA,79.0
ORD,DCA,83.0
ORD,DCA,80.0
ORD,DCA,77.0
ORD,DCA,76.0
ORD,DCA,76.0
ORD,MCO,127.0
ORD,MCO,134.0
ORD,MCO,128.0
ORD,MCO,131.0
SFO,LAX,59.0
SFO,LAX,62.0
SFO,LAX,61.0
SFO,LAX,54.0
SFO,LAX,56.0
SFO,LAX,57.0
SFO,LAX,53.0
SFO,LAX,56.0
SFO,LAX,61.0
SFO,LAX,56.0
SFO,LAX,57.0
SFO,LAX,57.0
SFO,LAX,52.0
SFO,LAX,56.0
SFO,LAX,53.0
SFO,LAX,55.0
SFO,LAX,56.0
SFO,LAX,54.0
SFO,LAX,55.0
TUS,DFW,102.0
ORD,SAN,231.0
ORD,SAN,229.0
ORD,SAN,220.0
ORD,SAN,231.0
ORD,SAN,232.0
ORD,SAN,241.0
ORD,SAN,221.0
ORD,SAN,229.0
ORD,SAN,225.0
ORD,SAN,207.0
ORD,SAN,229.0
ORD,SAN,223.0
ORD,SAN,240.0
ORD,SAN,240.0
ORD,SAN,226.0
ORD,SAN,230.0
ORD,SAN,235.0
ORD,SAN,234.0
ORD,SAN,233.0
ORD,SAN,245.0
ORD,SAN,223.0
ORD,SAN,235.0
ORD,SAN,241.0
ORD,SAN,222.0
ORD,SAN,213.0
ORD,SAN,209.0
ORD,SAN,228.0
ORD,SAN,222.0
ORD,SAN,240.0
ORD,SAN,248.0
SAN,ORD,199.0
SAN,ORD,205.0
SAN,ORD,202.0
SAN,ORD,212.0
SAN,ORD,203.0
SAN,ORD,197.0
SAN,ORD,200.0
SAN,ORD,211.0
SAN,ORD,212.0
SAN,ORD,211.0
SAN,ORD,226.0
SAN,ORD,212.0
SAN,ORD,217.0
SAN,ORD,209.0
SAN,ORD,207.0
SAN,ORD,208.0
SAN,ORD,213.0
SAN,ORD,216.0
SAN,ORD,207.0
SAN,ORD,203.0
SAN,ORD,221.0
SAN,ORD,226.0
SAN,ORD,212.0
SAN,ORD,205.0
SAN,ORD,208.0
SAN,ORD,235.0
SAN,ORD,218.0
SAN,ORD,230.0
SAN,ORD,213.0
SAN,ORD,218.0
SAN,ORD,190.0
DFW,SJC,208.0
DFW,SJC,195.0
DFW,SJC,195.0
DFW,SJC,196.0
OKC,DFW,39.0
OKC,DFW,32.0
OKC,DFW,33.0
OKC,DFW,36.0
OKC,DFW,38.0
OKC,DFW,38.0
OKC,DFW,38.0
OKC,DFW,34.0
OKC,DFW,32.0
OKC,DFW,34.0
OKC,DFW,35.0
OKC,DFW,44.0
OKC,DFW,42.0
OKC,DFW,33.0
OKC,DFW,38.0
OKC,DFW,33.0
OKC,DFW,36.0
OKC,DFW,42.0
OKC,DFW,37.0
OKC,DFW,35.0
OKC,DFW,36.0
OKC,DFW,34.0
OKC,DFW,41.0
OKC,DFW,36.0
OKC,DFW,33.0
OKC,DFW,33.0
OKC,DFW,30.0
OKC,DFW,34.0
DEN,DFW,87.0
DEN,DFW,85.0
DEN,DFW,83.0
DEN,DFW,88.0
DEN,DFW,87.0
DEN,DFW,89.0
DEN,DFW,90.0
DEN,DFW,86.0
DEN,DFW,83.0
DEN,DFW,84.0
DEN,DFW,85.0
DEN,DFW,80.0
DEN,DFW,92.0
DEN,DFW,85.0
DEN,DFW,85.0
DEN,DFW,81.0
DEN,DFW,87.0
DEN,DFW,92.0
DEN,DFW,90.0
DEN,DFW,94.0
DEN,DFW,90.0
DEN,DFW,81.0
DEN,DFW,87.0
DEN,DFW,89.0
DEN,DFW,84.0
DEN,DFW,86.0
DEN,DFW,89.0
DFW,SFO,200.0
DFW,SFO,206.0
DFW,SFO,197.0
DFW,SFO,200.0
DFW,SFO,205.0
DFW,SFO,195.0
DFW,SFO,199.0
DFW,SFO,203.0
DFW,SFO,199.0
DFW,SFO,195.0
DFW,SFO,187.0
DFW,SFO,201.0
DFW,SFO,206.0
LAX,DCA,270.0
LAX,DCA,269.0
LAX,DCA,269.0
LAX,DCA,270.0
LAX,DCA,275.0
LAX,DCA,277.0
LAX,DCA,282.0
LAX,DCA,274.0
LAX,DCA,269.0
LAX,DCA,245.0
ORD,SFO,239.0
ORD,SFO,238.0
ORD,SFO,249.0
ORD,SFO,248.0
ORD,SFO,243.0
ORD,SFO,239.0
ORD,SFO,236.0
ORD,SFO,241.0
ORD,SFO,236.0
ORD,SFO,234.0
ORD,SFO,254.0
ORD,SFO,252.0
ORD,SFO,262.0
ORD,SFO,245.0
ORD,SFO,263.0
ORD,SFO,258.0
ORD,SFO,257.0
ORD,SFO,256.0
ORD,SFO,242.0
ORD,SFO,254.0
ORD,SFO,249.0
ORD,SFO,254.0
ORD,SFO,237.0
ORD,SFO,230.0
ORD,SFO,230.0
ORD,SFO,245.0
ORD,SFO,244.0
ORD,SFO,265.0
ORD,SFO,277.0
ORD,SFO,257.0
SFO,ORD,215.0
SFO,ORD,217.0
SFO,ORD,228.0
SFO,ORD,223.0
SFO,ORD,220.0
SFO,ORD,218.0
SFO,ORD,223.0
SFO,ORD,226.0
SFO,ORD,224.0
SFO,ORD,228.0
SFO,ORD,235.0
SFO,ORD,220.0
SFO,ORD,228.0
SFO,ORD,209.0
SFO,ORD,221.0
SFO,ORD,218.0
SFO,ORD,221.0
SFO,ORD,214.0
SFO,ORD,213.0
SFO,ORD,222.0
SFO,ORD,235.0
SFO,ORD,228.0
SFO,ORD,210.0
SFO,ORD,218.0
SFO,ORD,217.0
SFO,ORD,241.0
SFO,ORD,219.0
SFO,ORD,226.0
SFO,ORD,220.0
SFO,ORD,202.0
SFO,ORD,205.0
DFW,SAT,51.0
DFW,SAT,48.0
DFW,SAT,43.0
DFW,SAT,60.0
DFW,SAT,45.0
DFW,SAT,47.0
DFW,SAT,43.0
DFW,SAT,45.0
DFW,SAT,43.0
DFW,SAT,44.0
DFW,SAT,44.0
DFW,SAT,43.0
DFW,SAT,44.0
DFW,SAT,43.0
DFW,SAT,44.0
DFW,SAT,49.0
DFW,SAT,43.0
DFW,SAT,48.0
DFW,SAT,42.0
DFW,SAT,45.0
DFW,SAT,46.0
DFW,SAT,54.0
DFW,SAT,44.0
DFW,SAT,42.0
DFW,SAT,42.0
DFW,SAT,42.0
DFW,SAT,46.0
MIA,MCI,190.0
MIA,MCI,182.0
MIA,MCI,174.0
MIA,MCI,174.0
SNA,DFW,142.0
SNA,DFW,139.0
SNA,DFW,137.0
SNA,DFW,148.0
SNA,DFW,140.0
SNA,DFW,143.0
SNA,DFW,138.0
SNA,DFW,141.0
SNA,DFW,141.0
SNA,DFW,141.0
SNA,DFW,148.0
SNA,DFW,155.0
SNA,DFW,152.0
SNA,DFW,147.0
SNA,DFW,142.0
SNA,DFW,150.0
SNA,DFW,144.0
SNA,DFW,148.0
SNA,DFW,147.0
SNA,DFW,141.0
SNA,DFW,149.0
SNA,DFW,150.0
SNA,DFW,149.0
SNA,DFW,141.0
SNA,DFW,142.0
SNA,DFW,149.0
SNA,DFW,162.0
SNA,DFW,156.0
SNA,DFW,146.0
SNA,DFW,144.0
SNA,DFW,131.0
DCA,LAX,309.0
DCA,LAX,312.0
DCA,LAX,323.0
DCA,LAX,303.0
DCA,LAX,309.0
DCA,LAX,305.0
DCA,LAX,297.0
DCA,LAX,299.0
DCA,LAX,301.0
DCA,LAX,296.0
DCA,LAX,290.0
DCA,LAX,320.0
DCA,LAX,307.0
DCA,LAX,315.0
DCA,LAX,318.0
DCA,LAX,336.0
DCA,LAX,312.0
DCA,LAX,328.0
DCA,LAX,309.0
DCA,LAX,318.0
DCA,LAX,316.0
DCA,LAX,296.0
DCA,LAX,305.0
DCA,LAX,294.0
DCA,LAX,304.0
DCA,LAX,327.0
DCA,LAX,323.0
KOA,LAX,260.0
KOA,LAX,272.0
KOA,LAX,260.0
MIA,STL,141.0
MIA,STL,145.0
MIA,STL,149.0
STL,MIA,134.0
STL,MIA,132.0
STL,MIA,137.0
LAX,KOA,330.0
LAX,KOA,328.0
LAX,KOA,336.0
LAX,KOA,352.0
BNA,DFW,113.0
BNA,DFW,90.0
BNA,DFW,94.0
BNA,DFW,97.0
BNA,DFW,99.0
BNA,DFW,105.0
BNA,DFW,96.0
BNA,DFW,100.0
BNA,DFW,92.0
BNA,DFW,100.0
BNA,DFW,93.0
BNA,DFW,103.0
BNA,DFW,107.0
BNA,DFW,101.0
BNA,DFW,93.0
BNA,DFW,105.0
BNA,DFW,99.0
BNA,DFW,114.0
BNA,DFW,84.0
BNA,DFW,95.0
BNA,DFW,101.0
BNA,DFW,112.0
BNA,DFW,97.0
BNA,DFW,94.0
BNA,DFW,91.0
BNA,DFW,93.0
BNA,DFW,94.0
DFW,BNA,82.0
DFW,BNA,80.0
DFW,BNA,79.0
DFW,BNA,79.0
DFW,BNA,85.0
DFW,BNA,78.0
DFW,BNA,82.0
DFW,BNA,84.0
DFW,BNA,76.0
DFW,BNA,77.0
DFW,BNA,80.0
DFW,BNA,75.0
DFW,BNA,77.0
DFW,BNA,73.0
DFW,BNA,79.0
DFW,BNA,83.0
DFW,BNA,82.0
DFW,SFO,198.0
DFW,SFO,198.0
DFW,SFO,188.0
DFW,SFO,201.0
DFW,SFO,197.0
DFW,SFO,193.0
DFW,SFO,195.0
DFW,SFO,197.0
DFW,SFO,205.0
DFW,SFO,200.0
DFW,SFO,186.0
DFW,SFO,197.0
DFW,SFO,197.0
DFW,SFO,223.0
DFW,SFO,201.0
DFW,SFO,214.0
DFW,SFO,224.0
DFW,SFO,209.0
DFW,SFO,211.0
DFW,SFO,214.0
DFW,SFO,205.0
DFW,SFO,211.0
DFW,SFO,205.0
DFW,SFO,206.0
DFW,SFO,197.0
DFW,SFO,189.0
DFW,SFO,196.0
DFW,SFO,195.0
DFW,SFO,223.0
DFW,SFO,220.0
DFW,SFO,207.0
TPA,MIA,35.0
TPA,MIA,40.0
TPA,MIA,41.0
TPA,MIA,40.0
TPA,MIA,43.0
TPA,MIA,41.0
TPA,MIA,36.0
TPA,MIA,38.0
TPA,MIA,49.0
TPA,MIA,41.0
TPA,MIA,48.0
TPA,MIA,43.0
TPA,MIA,49.0
TPA,MIA,51.0
TPA,MIA,37.0
TPA,MIA,40.0
TPA,MIA,43.0
TPA,MIA,43.0
TPA,MIA,37.0
TPA,MIA,36.0
TPA,MIA,45.0
TPA,MIA,42.0
TPA,MIA,46.0
TPA,MIA,37.0
TPA,MIA,37.0
TPA,MIA,42.0
TPA,MIA,44.0
TPA,MIA,40.0
TPA,MIA,39.0
TPA,MIA,37.0
MIA,TPA,41.0
MIA,TPA,42.0
MIA,TPA,39.0
MIA,TPA,35.0
MIA,TPA,38.0
MIA,TPA,39.0
MIA,TPA,43.0
MIA,TPA,35.0
MIA,TPA,52.0
MIA,TPA,38.0
MIA,TPA,38.0
MIA,TPA,37.0
MIA,TPA,39.0
MIA,TPA,45.0
MIA,TPA,39.0
MIA,TPA,44.0
MIA,TPA,37.0
MIA,TPA,38.0
MIA,TPA,38.0
MIA,TPA,40.0
MIA,TPA,40.0
MIA,TPA,37.0
MIA,TPA,41.0
MIA,TPA,37.0
MIA,TPA,41.0
MIA,TPA,41.0
MIA,TPA,41.0
MIA,TPA,40.0
MIA,TPA,38.0
MIA,TPA,41.0
MIA,TPA,42.0
DFW,PHX,117.0
LAX,MIA,241.0
LAX,MIA,243.0
LAX,MIA,239.0
LAX,MIA,248.0
PHX,DFW,112.0
LAX,OGG,347.0
LAX,OGG,335.0
LAX,OGG,324.0
LAX,OGG,364.0
LAX,OGG,352.0
LAX,OGG,340.0
LAX,OGG,322.0
LAX,OGG,329.0
LAX,OGG,330.0
LAX,OGG,330.0
LAX,OGG,344.0
LAX,OGG,340.0
LAX,OGG,330.0
LAX,OGG,327.0
LAX,OGG,332.0
LAX,OGG,361.0
LAX,OGG,319.0
LAX,OGG,327.0
LAX,OGG,350.0
LAX,OGG,330.0
LAX,OGG,341.0
LAX,OGG,337.0
LAX,OGG,321.0
LAX,OGG,337.0
LAX,OGG,322.0
LAX,OGG,319.0
LAX,OGG,326.0
LAX,OGG,324.0
LAX,OGG,331.0
LAX,OGG,331.0
LAX,OGG,335.0
OGG,LAX,258.0
OGG,LAX,281.0
OGG,LAX,260.0
OGG,LAX,242.0
OGG,LAX,247.0
OGG,LAX,248.0
OGG,LAX,279.0
OGG,LAX,280.0
OGG,LAX,274.0
OGG,LAX,270.0
OGG,LAX,268.0
OGG,LAX,260.0
OGG,LAX,287.0
OGG,LAX,280.0
OGG,LAX,273.0
OGG,LAX,274.0
OGG,LAX,265.0
OGG,LAX,266.0
OGG,LAX,261.0
OGG,LAX,270.0
OGG,LAX,270.0
OGG,LAX,277.0
OGG,LAX,286.0
OGG,LAX,279.0
OGG,LAX,285.0
OGG,LAX,280.0
OGG,LAX,276.0
OGG,LAX,277.0
OGG,LAX,265.0
OGG,LAX,255.0
OGG,LAX,264.0
JFK,LAX,326.0
JFK,LAX,338.0
JFK,LAX,316.0
JFK,LAX,335.0
JFK,LAX,350.0
JFK,LAX,323.0
JFK,LAX,325.0
JFK,LAX,333.0
JFK,LAX,320.0
JFK,LAX,325.0
JFK,LAX,351.0
JFK,LAX,345.0
JFK,LAX,363.0
JFK,LAX,335.0
JFK,LAX,333.0
JFK,LAX,334.0
JFK,LAX,345.0
JFK,LAX,347.0
JFK,LAX,344.0
JFK,LAX,331.0
JFK,LAX,334.0
JFK,LAX,333.0
JFK,LAX,325.0
JFK,LAX,328.0
JFK,LAX,326.0
JFK,LAX,337.0
JFK,LAX,351.0
JFK,LAX,353.0
LAX,JFK,278.0
LAX,JFK,297.0
LAX,JFK,288.0
LAX,JFK,310.0
LAX,JFK,306.0
LAX,JFK,294.0
LAX,JFK,311.0
LAX,JFK,306.0
LAX,JFK,297.0
LAX,JFK,300.0
LAX,JFK,294.0
LAX,JFK,291.0
LAX,JFK,303.0
LAX,JFK,302.0
LAX,JFK,286.0
LAX,JFK,300.0
LAX,JFK,298.0
LAX,JFK,296.0
LAX,JFK,282.0
LAX,JFK,306.0
LAX,JFK,309.0
LAX,JFK,311.0
LAX,JFK,293.0
LAX,JFK,271.0
DFW,ONT,170.0
DFW,ONT,158.0
DFW,ONT,159.0
DFW,ONT,169.0
DFW,ONT,170.0
DFW,ONT,170.0
DFW,ONT,166.0
DFW,ONT,165.0
DFW,ONT,171.0
DFW,ONT,150.0
DFW,ONT,165.0
DFW,ONT,154.0
DFW,ONT,160.0
DFW,ONT,167.0
DFW,ONT,161.0
DFW,ONT,167.0
DFW,ONT,169.0
DFW,ONT,173.0
DFW,ONT,164.0
DFW,ONT,161.0
DFW,ONT,164.0
DFW,ONT,167.0
DFW,ONT,164.0
DFW,ONT,166.0
DFW,ONT,151.0
DFW,ONT,156.0
DFW,ONT,159.0
DFW,ONT,163.0
DFW,ONT,176.0
DFW,ONT,176.0
DTW,DFW,136.0
DTW,DFW,148.0
DTW,DFW,144.0
DTW,DFW,144.0
DTW,DFW,151.0
DTW,DFW,144.0
DTW,DFW,147.0
DTW,DFW,145.0
DTW,DFW,139.0
DTW,DFW,146.0
DTW,DFW,144.0
DTW,DFW,138.0
DTW,DFW,147.0
DTW,DFW,134.0
DTW,DFW,153.0
DTW,DFW,146.0
DTW,DFW,152.0
DTW,DFW,131.0
DTW,DFW,128.0
DTW,DFW,143.0
DTW,DFW,154.0
DTW,DFW,151.0
DTW,DFW,133.0
DTW,DFW,134.0
DTW,DFW,138.0
DTW,DFW,139.0
DTW,DFW,148.0
DFW,SFO,202.0
DFW,SFO,204.0
DFW,SFO,202.0
DFW,SFO,204.0
DFW,SFO,201.0
DFW,SFO,196.0
DFW,SFO,199.0
DFW,SFO,209.0
DFW,SFO,199.0
DFW,SFO,188.0
DFW,SFO,190.0
DFW,SFO,202.0
DFW,SFO,211.0
DFW,SFO,218.0
DFW,SFO,210.0
DFW,SFO,207.0
DFW,SFO,203.0
DFW,SFO,217.0
DFW,SFO,204.0
DFW,SFO,203.0
DFW,SFO,219.0
DFW,SFO,208.0
DFW,SFO,203.0
DFW,SFO,202.0
DFW,SFO,190.0
DFW,SFO,191.0
DFW,SFO,193.0
DFW,SFO,211.0
DFW,SFO,209.0
DFW,SFO,221.0
SFO,DFW,173.0
SFO,DFW,175.0
SFO,DFW,174.0
SFO,DFW,171.0
SFO,DFW,182.0
SFO,DFW,172.0
SFO,DFW,174.0
SFO,DFW,178.0
SFO,DFW,175.0
SFO,DFW,180.0
SFO,DFW,181.0
SFO,DFW,174.0
SFO,DFW,171.0
SFO,DFW,173.0
SFO,DFW,172.0
SFO,DFW,168.0
SFO,DFW,170.0
SFO,DFW,169.0
SFO,DFW,168.0
SFO,DFW,183.0
SFO,DFW,173.0
SFO,DFW,176.0
SFO,DFW,172.0
SFO,DFW,175.0
SFO,DFW,184.0
SFO,DFW,179.0
SFO,DFW,175.0
SFO,DFW,188.0
SFO,DFW,170.0
SFO,DFW,167.0
LAX,MIA,251.0
LAX,MIA,257.0
LAX,MIA,244.0
LAX,MIA,259.0
LAX,MIA,254.0
LAX,MIA,257.0
LAX,MIA,252.0
LAX,MIA,242.0
LAX,MIA,274.0
LAX,MIA,250.0
LAX,MIA,250.0
LAX,MIA,272.0
LAX,MIA,278.0
LAX,MIA,264.0
LAX,MIA,256.0
LAX,MIA,300.0
LAX,MIA,260.0
LAX,MIA,260.0
LAX,MIA,259.0
LAX,MIA,253.0
LAX,MIA,258.0
LAX,MIA,258.0
LAX,MIA,261.0
LAX,MIA,253.0
LAX,MIA,259.0
LAX,MIA,263.0
LAX,MIA,265.0
LAX,MIA,264.0
LAX,MIA,255.0
LAX,MIA,248.0
JAC,DFW,134.0
JAC,DFW,132.0
JAC,DFW,131.0
JAC,DFW,134.0
JAC,DFW,128.0
JAC,DFW,131.0
DFW,LAS,152.0
DFW,LAS,150.0
DFW,LAS,148.0
DFW,LAS,139.0
DFW,LGA,168.0
DFW,LGA,170.0
DFW,LGA,162.0
DFW,LGA,152.0
DFW,LGA,151.0
DFW,LGA,160.0
DFW,LGA,157.0
DFW,LGA,161.0
DFW,LGA,165.0
DFW,LGA,171.0
DFW,LGA,155.0
DFW,LGA,168.0
DFW,LGA,157.0
DFW,LGA,184.0
DFW,LGA,181.0
DFW,LGA,154.0
DFW,LGA,163.0
DFW,LGA,160.0
DFW,LGA,156.0
DFW,LGA,161.0
DFW,LGA,165.0
DFW,LGA,194.0
DFW,LGA,171.0
DFW,LGA,165.0
LAS,DFW,128.0
LAS,DFW,123.0
LAS,DFW,127.0
LAS,DFW,135.0
TUS,DFW,110.0
TUS,DFW,105.0
TUS,DFW,102.0
TUS,DFW,100.0
TUS,DFW,96.0
TUS,DFW,110.0
TUS,DFW,113.0
TUS,DFW,107.0
TUS,DFW,105.0
TUS,DFW,104.0
TUS,DFW,96.0
DFW,TUS,117.0
DFW,TUS,114.0
DFW,TUS,118.0
DFW,TUS,116.0
DFW,TUS,119.0
DFW,TUS,121.0
DFW,TUS,130.0
DFW,TUS,123.0
DFW,TUS,120.0
DFW,TUS,121.0
DFW,TUS,107.0
DFW,TUS,112.0
DFW,TUS,104.0
DFW,TUS,113.0
DFW,TUS,119.0
DFW,TUS,118.0
DFW,TUS,117.0
DFW,TUS,120.0
DFW,TUS,117.0
DFW,TUS,127.0
DFW,TUS,116.0
DFW,TUS,120.0
DFW,TUS,116.0
DFW,TUS,121.0
DFW,TUS,119.0
DFW,TUS,109.0
DFW,TUS,109.0
DFW,TUS,110.0
DFW,TUS,112.0
DFW,TUS,113.0
DFW,TUS,132.0
DCA,DFW,176.0
SFO,ORD,223.0
SFO,ORD,229.0
JFK,SAN,334.0
JFK,SAN,331.0
JFK,SAN,332.0
JFK,SAN,315.0
JFK,BOS,35.0
JFK,BOS,38.0
JFK,BOS,39.0
JFK,BOS,46.0
JFK,BOS,35.0
JFK,BOS,37.0
JFK,BOS,30.0
JFK,BOS,32.0
JFK,BOS,36.0
JFK,BOS,39.0
JFK,BOS,42.0
JFK,BOS,46.0
JFK,BOS,40.0
JFK,BOS,38.0
JFK,BOS,35.0
JFK,BOS,50.0
JFK,BOS,45.0
JFK,BOS,43.0
JFK,BOS,36.0
JFK,BOS,36.0
JFK,BOS,35.0
JFK,BOS,44.0
JFK,BOS,35.0
JFK,BOS,38.0
JFK,BOS,33.0
JFK,BOS,37.0
JFK,BOS,37.0
JFK,SFO,357.0
JFK,SFO,347.0
JFK,SFO,356.0
JFK,SFO,360.0
JFK,SFO,360.0
JFK,SFO,365.0
JFK,SFO,335.0
JFK,SFO,347.0
ORD,PDX,213.0
ORD,PDX,238.0
ORD,PDX,242.0
ORD,PDX,231.0
ORD,PDX,228.0
ORD,PDX,230.0
ORD,PDX,227.0
ORD,PDX,229.0
ORD,PDX,231.0
ORD,PDX,230.0
ORD,PDX,260.0
ORD,PDX,253.0
ORD,PDX,245.0
ORD,PDX,236.0
ORD,PDX,240.0
ORD,PDX,252.0
ORD,PDX,261.0
ORD,PDX,244.0
ORD,PDX,245.0
ORD,PDX,240.0
ORD,PDX,246.0
ORD,PDX,245.0
ORD,PDX,250.0
ORD,PDX,235.0
ORD,PDX,221.0
ORD,PDX,240.0
ORD,PDX,239.0
ORD,PDX,251.0
ORD,PDX,241.0
ORD,PDX,245.0
ORD,PDX,235.0
MIA,LGA,143.0
MIA,LGA,154.0
MIA,LGA,138.0
MIA,LGA,140.0
MIA,LGA,138.0
MIA,LGA,142.0
MIA,LGA,146.0
MIA,LGA,146.0
MIA,LGA,137.0
MIA,LGA,133.0
MIA,LGA,136.0
MIA,LGA,139.0
MIA,LGA,141.0
MIA,LGA,146.0
MIA,LGA,132.0
MIA,LGA,137.0
MIA,LGA,138.0
MIA,LGA,149.0
MIA,LGA,140.0
MIA,LGA,142.0
MIA,LGA,126.0
MIA,LGA,145.0
MIA,LGA,141.0
MIA,LGA,136.0
MIA,LGA,137.0
MIA,LGA,172.0
MIA,LGA,141.0
MIA,LGA,142.0
DFW,SLC,138.0
DFW,SLC,132.0
DFW,SLC,143.0
DFW,SLC,133.0
DFW,SLC,146.0
DFW,SLC,144.0
DFW,SLC,147.0
DFW,SLC,146.0
DFW,SLC,142.0
DFW,SLC,139.0
DFW,SLC,153.0
DFW,SLC,141.0
DFW,SLC,131.0
DFW,SLC,154.0
DFW,SLC,148.0
SAN,JFK,287.0
SAN,JFK,279.0
SAN,JFK,280.0
SAN,JFK,296.0
DFW,ORD,102.0
DFW,ORD,103.0
DFW,ORD,105.0
DFW,ORD,107.0
DFW,ORD,107.0
DFW,ORD,101.0
DFW,ORD,105.0
DFW,ORD,97.0
DFW,ORD,103.0
DFW,ORD,101.0
DFW,ORD,130.0
DFW,ORD,107.0
DFW,ORD,107.0
DFW,ORD,97.0
DFW,ORD,98.0
DFW,ORD,104.0
DFW,ORD,109.0
DFW,ORD,104.0
DFW,ORD,111.0
DFW,ORD,104.0
DFW,ORD,115.0
DFW,ORD,121.0
DFW,ORD,111.0
DFW,ORD,98.0
DFW,ORD,95.0
DFW,ORD,121.0
DFW,ORD,112.0
DFW,ORD,109.0
DFW,ORD,112.0
DFW,ORD,105.0
ORD,DFW,116.0
ORD,DFW,115.0
ORD,DFW,112.0
ORD,DFW,109.0
ORD,DFW,112.0
ORD,DFW,116.0
ORD,DFW,117.0
ORD,DFW,120.0
ORD,DFW,121.0
ORD,DFW,113.0
ORD,DFW,108.0
ORD,DFW,114.0
ORD,DFW,103.0
ORD,DFW,116.0
ORD,DFW,123.0
ORD,DFW,121.0
ORD,DFW,115.0
ORD,DFW,119.0
ORD,DFW,114.0
ORD,DFW,118.0
ORD,DFW,121.0
ORD,DFW,103.0
ORD,DFW,108.0
ORD,DFW,120.0
ORD,DFW,124.0
ORD,DFW,114.0
ORD,DFW,109.0
ORD,DFW,100.0
ORD,DFW,117.0
ORD,DFW,115.0
ORD,DFW,119.0
LAS,ORD,181.0
LAS,ORD,176.0
LAS,ORD,182.0
LAS,ORD,187.0
LAS,ORD,191.0
LAS,ORD,196.0
LAS,ORD,181.0
LAS,ORD,189.0
LAS,ORD,192.0
LAS,ORD,189.0
LAS,ORD,206.0
LAS,ORD,182.0
LAS,ORD,196.0
LAS,ORD,177.0
LAS,ORD,184.0
LAS,ORD,185.0
LAS,ORD,184.0
LAS,ORD,181.0
LAS,ORD,180.0
LAS,ORD,189.0
LAS,ORD,193.0
LAS,ORD,192.0
LAS,ORD,192.0
LAS,ORD,186.0
LAS,ORD,186.0
LAS,ORD,211.0
LAS,ORD,192.0
LAS,ORD,195.0
LAS,ORD,185.0
LAS,ORD,180.0
LAS,ORD,165.0
ORD,LAS,199.0
ORD,LAS,204.0
ORD,LAS,200.0
ORD,LAS,202.0
ORD,LAS,207.0
ORD,LAS,205.0
ORD,LAS,197.0
ORD,LAS,196.0
ORD,LAS,201.0
ORD,LAS,191.0
ORD,LAS,193.0
ORD,LAS,205.0
ORD,LAS,200.0
ORD,LAS,210.0
ORD,LAS,199.0
ORD,LAS,213.0
ORD,LAS,201.0
ORD,LAS,213.0
ORD,LAS,207.0
ORD,LAS,201.0
ORD,LAS,197.0
ORD,LAS,199.0
ORD,LAS,222.0
ORD,LAS,205.0
ORD,LAS,193.0
ORD,LAS,189.0
ORD,LAS,197.0
ORD,LAS,198.0
ORD,LAS,209.0
ORD,LAS,221.0
ORD,LAS,217.0
SAN,JFK,269.0
SAN,JFK,294.0
SAN,JFK,277.0
SAN,JFK,300.0
SAN,JFK,294.0
SAN,JFK,285.0
SAN,JFK,292.0
SAN,JFK,295.0
SAN,JFK,289.0
SAN,JFK,296.0
SAN,JFK,296.0
SAN,JFK,300.0
SAN,JFK,293.0
SAN,JFK,285.0
SAN,JFK,284.0
SAN,JFK,285.0
SAN,JFK,290.0
SAN,JFK,290.0
SAN,JFK,282.0
SAN,JFK,303.0
SAN,JFK,291.0
SAN,JFK,281.0
SAN,JFK,301.0
SAN,JFK,303.0
SAN,JFK,301.0
SAN,JFK,324.0
SAN,JFK,297.0
SAN,JFK,266.0
JFK,SAN,329.0
JFK,SAN,340.0
JFK,SAN,355.0
JFK,SAN,321.0
JFK,SAN,321.0
JFK,SAN,339.0
JFK,SAN,327.0
JFK,SAN,320.0
JFK,SAN,329.0
JFK,SAN,330.0
JFK,SAN,330.0
JFK,SAN,337.0
JFK,SAN,330.0
JFK,SAN,327.0
JFK,SAN,348.0
JFK,SAN,337.0
JFK,SAN,353.0
JFK,SAN,339.0
JFK,SAN,335.0
JFK,SAN,337.0
JFK,SAN,314.0
JFK,SAN,330.0
JFK,SAN,324.0
JFK,SAN,325.0
JFK,SAN,319.0
JFK,SAN,334.0
JFK,SAN,344.0
JFK,SAN,368.0
DFW,STL,77.0
DFW,STL,76.0
DFW,STL,73.0
DFW,STL,75.0
DFW,STL,77.0
DFW,STL,75.0
DFW,STL,78.0
DFW,STL,81.0
DFW,STL,76.0
DFW,STL,77.0
DFW,STL,73.0
DFW,STL,70.0
DFW,STL,73.0
DFW,STL,87.0
DFW,STL,71.0
DFW,STL,72.0
DFW,STL,73.0
DFW,STL,84.0
DFW,STL,83.0
DFW,STL,74.0
DFW,STL,69.0
DFW,STL,72.0
DFW,STL,87.0
DFW,STL,83.0
DFW,STL,77.0
DFW,STL,78.0
DFW,STL,73.0
RIC,DFW,189.0
RIC,DFW,171.0
RIC,DFW,180.0
RIC,DFW,165.0
RIC,DFW,159.0
RIC,DFW,176.0
RIC,DFW,165.0
RIC,DFW,168.0
RIC,DFW,177.0
RIC,DFW,179.0
RIC,DFW,181.0
RIC,DFW,169.0
RIC,DFW,180.0
RIC,DFW,158.0
RIC,DFW,186.0
RIC,DFW,184.0
RIC,DFW,180.0
RIC,DFW,190.0
RIC,DFW,178.0
RIC,DFW,180.0
RIC,DFW,191.0
RIC,DFW,185.0
RIC,DFW,184.0
RIC,DFW,161.0
RIC,DFW,159.0
RIC,DFW,163.0
RIC,DFW,169.0
DFW,SMF,193.0
DFW,SMF,201.0
DFW,SMF,189.0
DFW,SMF,187.0
SMF,DFW,163.0
SMF,DFW,158.0
SMF,DFW,177.0
JFK,DCA,55.0
JFK,DCA,51.0
JFK,DCA,57.0
JFK,DCA,53.0
JFK,DCA,56.0
JFK,DCA,65.0
JFK,DCA,63.0
JFK,DCA,54.0
JFK,DCA,53.0
JFK,DCA,66.0
JFK,DCA,55.0
JFK,DCA,61.0
JFK,DCA,64.0
JFK,DCA,63.0
JFK,DCA,65.0
JFK,DCA,55.0
JFK,DCA,71.0
JFK,DCA,55.0
JFK,DCA,62.0
JFK,DCA,55.0
JFK,DCA,67.0
JFK,DCA,57.0
JFK,DCA,61.0
JFK,DCA,69.0
JFK,DCA,59.0
JFK,DCA,59.0
JFK,DCA,62.0
HNL,DFW,389.0
HNL,DFW,384.0
HNL,DFW,377.0
HNL,DFW,369.0
HNL,DFW,379.0
HNL,DFW,410.0
HNL,DFW,403.0
HNL,DFW,393.0
HNL,DFW,395.0
HNL,DFW,393.0
HNL,DFW,417.0
HNL,DFW,407.0
HNL,DFW,396.0
HNL,DFW,389.0
HNL,DFW,406.0
HNL,DFW,401.0
HNL,DFW,407.0
HNL,DFW,408.0
HNL,DFW,410.0
HNL,DFW,396.0
HNL,DFW,402.0
HNL,DFW,427.0
HNL,DFW,414.0
HNL,DFW,410.0
HNL,DFW,380.0
HNL,DFW,375.0
HNL,DFW,387.0
DFW,SJC,205.0
DFW,SJC,198.0
DFW,SJC,192.0
DFW,SJC,193.0
DFW,SJC,203.0
DFW,SJC,200.0
DFW,SJC,197.0
DFW,SJC,197.0
DFW,SJC,208.0
DFW,SJC,212.0
DFW,SJC,189.0
DFW,SJC,193.0
DFW,SJC,191.0
DFW,SJC,210.0
DFW,SJC,212.0
DFW,SJC,210.0
DFW,SJC,212.0
DFW,SJC,205.0
DFW,SJC,215.0
DFW,SJC,211.0
DFW,SJC,198.0
DFW,SJC,209.0
DFW,SJC,198.0
DFW,SJC,205.0
DFW,SJC,205.0
DFW,SJC,187.0
DFW,SJC,189.0
DFW,SJC,191.0
DFW,SJC,217.0
DFW,SJC,209.0
DFW,SJC,213.0
SJC,DFW,176.0
SJC,DFW,174.0
SJC,DFW,174.0
SJC,DFW,184.0
SJC,DFW,177.0
SJC,DFW,173.0
SJC,DFW,181.0
SJC,DFW,186.0
SJC,DFW,170.0
SJC,DFW,178.0
SJC,DFW,171.0
SJC,DFW,167.0
SJC,DFW,185.0
SJC,DFW,179.0
SJC,DFW,177.0
SJC,DFW,180.0
SJC,DFW,185.0
SJC,DFW,188.0
SJC,DFW,169.0
DCA,JFK,43.0
DCA,JFK,47.0
DCA,JFK,44.0
DCA,JFK,63.0
DCA,JFK,46.0
DCA,JFK,49.0
DCA,JFK,50.0
DCA,JFK,42.0
DCA,JFK,46.0
DCA,JFK,51.0
DCA,JFK,42.0
DCA,JFK,47.0
DCA,JFK,51.0
DCA,JFK,61.0
DCA,JFK,41.0
DCA,JFK,45.0
DCA,JFK,42.0
DCA,JFK,46.0
DCA,JFK,52.0
DCA,JFK,44.0
DCA,JFK,46.0
DCA,JFK,46.0
DCA,JFK,45.0
DCA,JFK,44.0
DCA,JFK,47.0
DCA,JFK,47.0
DCA,JFK,45.0
LAX,ORD,204.0
LAX,ORD,211.0
LAX,ORD,208.0
LAX,ORD,216.0
LAX,ORD,206.0
LAX,ORD,202.0
LAX,ORD,206.0
LAX,ORD,219.0
LAX,ORD,208.0
LAX,ORD,221.0
LAX,ORD,236.0
LAX,ORD,215.0
LAX,ORD,222.0
LAX,ORD,207.0
LAX,ORD,208.0
LAX,ORD,208.0
LAX,ORD,214.0
LAX,ORD,208.0
LAX,ORD,207.0
LAX,ORD,218.0
LAX,ORD,222.0
LAX,ORD,223.0
LAX,ORD,208.0
LAX,ORD,209.0
LAX,ORD,206.0
LAX,ORD,235.0
LAX,ORD,214.0
LAX,ORD,233.0
LAX,ORD,209.0
LAX,ORD,203.0
LAX,ORD,195.0
ORD,LAX,223.0
ORD,LAX,230.0
ORD,LAX,233.0
ORD,LAX,229.0
ORD,LAX,232.0
ORD,LAX,237.0
ORD,LAX,223.0
ORD,LAX,220.0
ORD,LAX,227.0
ORD,LAX,224.0
ORD,LAX,216.0
ORD,LAX,231.0
ORD,LAX,230.0
ORD,LAX,239.0
ORD,LAX,227.0
ORD,LAX,239.0
ORD,LAX,229.0
ORD,LAX,243.0
ORD,LAX,238.0
ORD,LAX,220.0
ORD,LAX,223.0
ORD,LAX,224.0
ORD,LAX,245.0
ORD,LAX,235.0
ORD,LAX,216.0
ORD,LAX,210.0
ORD,LAX,226.0
ORD,LAX,218.0
ORD,LAX,231.0
ORD,LAX,257.0
ORD,LAX,249.0
MCO,MIA,37.0
MCO,MIA,45.0
MCO,MIA,41.0
MCO,MIA,42.0
MCO,MIA,44.0
MCO,MIA,36.0
MCO,MIA,38.0
MCO,MIA,41.0
MCO,MIA,43.0
MCO,MIA,40.0
MCO,MIA,37.0
MCO,MIA,43.0
MCO,MIA,40.0
MCO,MIA,41.0
MCO,MIA,40.0
MCO,MIA,39.0
MCO,MIA,38.0
MCO,MIA,41.0
MCO,MIA,40.0
MCO,MIA,45.0
MCO,MIA,39.0
MCO,MIA,41.0
MCO,MIA,38.0
MCO,MIA,40.0
MCO,MIA,45.0
MCO,MIA,51.0
MCO,MIA,39.0
MCO,MIA,37.0
MCO,MIA,39.0
MIA,MCO,35.0
MIA,MCO,33.0
MIA,MCO,37.0
MIA,MCO,35.0
MIA,MCO,36.0
MIA,MCO,38.0
MIA,MCO,43.0
MIA,MCO,39.0
MIA,MCO,42.0
MIA,MCO,38.0
MIA,MCO,34.0
MIA,MCO,36.0
MIA,MCO,36.0
MIA,MCO,39.0
MIA,MCO,38.0
MIA,MCO,38.0
MIA,MCO,35.0
MIA,MCO,35.0
MIA,MCO,35.0
MIA,MCO,38.0
MIA,MCO,39.0
MIA,MCO,39.0
MIA,MCO,38.0
MIA,MCO,37.0
MIA,MCO,38.0
MIA,MCO,36.0
MIA,MCO,36.0
MIA,MCO,37.0
MIA,MCO,35.0
MIA,MCO,44.0
MIA,MCO,39.0
ORD,SNA,232.0
ORD,SNA,226.0
ORD,SNA,237.0
ORD,SNA,232.0
ORD,SNA,231.0
ORD,SNA,220.0
ORD,SNA,227.0
ORD,SNA,228.0
ORD,SNA,220.0
ORD,SNA,233.0
ORD,SNA,229.0
ORD,SNA,245.0
ORD,SNA,241.0
ORD,SNA,231.0
ORD,SNA,237.0
ORD,SNA,237.0
ORD,SNA,239.0
ORD,SNA,236.0
ORD,SNA,217.0
ORD,SNA,226.0
ORD,SNA,238.0
ORD,SNA,242.0
ORD,SNA,226.0
ORD,SNA,214.0
ORD,SNA,214.0
ORD,SNA,218.0
ORD,SNA,229.0
ORD,SNA,244.0
ORD,SNA,252.0
SNA,ORD,199.0
SNA,ORD,204.0
SNA,ORD,209.0
SNA,ORD,212.0
SNA,ORD,201.0
SNA,ORD,199.0
SNA,ORD,211.0
SNA,ORD,211.0
SNA,ORD,208.0
SNA,ORD,227.0
SNA,ORD,212.0
SNA,ORD,218.0
SNA,ORD,201.0
SNA,ORD,210.0
SNA,ORD,204.0
SNA,ORD,208.0
SNA,ORD,208.0
SNA,ORD,205.0
SNA,ORD,202.0
SNA,ORD,221.0
SNA,ORD,223.0
SNA,ORD,204.0
SNA,ORD,207.0
SNA,ORD,206.0
SNA,ORD,232.0
SNA,ORD,215.0
SNA,ORD,227.0
SNA,ORD,209.0
SNA,ORD,195.0
SNA,ORD,187.0
DFW,OKC,29.0
OGG,DFW,378.0
OGG,DFW,381.0
OGG,DFW,367.0
OGG,DFW,362.0
OGG,DFW,379.0
OGG,DFW,387.0
OGG,DFW,381.0
OGG,DFW,364.0
JFK,LAX,342.0
JFK,LAX,335.0
JFK,LAX,359.0
JFK,LAX,323.0
JFK,LAX,324.0
JFK,LAX,317.0
JFK,LAX,320.0
JFK,LAX,331.0
JFK,LAX,341.0
JFK,LAX,343.0
JFK,LAX,345.0
JFK,LAX,327.0
JFK,LAX,348.0
JFK,LAX,361.0
JFK,LAX,348.0
JFK,LAX,335.0
JFK,LAX,346.0
JFK,LAX,326.0
JFK,LAX,334.0
JFK,LAX,339.0
JFK,LAX,326.0
JFK,LAX,324.0
JFK,LAX,325.0
JFK,LAX,364.0
LAX,JFK,279.0
LAX,JFK,288.0
LAX,JFK,302.0
LAX,JFK,298.0
LAX,JFK,292.0
LAX,JFK,290.0
LAX,JFK,293.0
LAX,JFK,287.0
LAX,JFK,298.0
LAX,JFK,289.0
LAX,JFK,298.0
LAX,JFK,284.0
LAX,JFK,296.0
LAX,JFK,287.0
LAX,JFK,305.0
LAX,JFK,299.0
LAX,JFK,296.0
LAX,JFK,298.0
LAX,JFK,301.0
LAX,JFK,302.0
LAX,JFK,277.0
LAX,JFK,309.0
LAX,JFK,294.0
LAX,JFK,296.0
LAX,JFK,309.0
LAX,JFK,287.0
LAX,JFK,265.0
DFW,OGG,487.0
DFW,OGG,497.0
DFW,OGG,486.0
DFW,OGG,490.0
DFW,OGG,499.0
DFW,OGG,519.0
DFW,OGG,491.0
DFW,OGG,473.0
DCA,DFW,171.0
DCA,DFW,170.0
DCA,DFW,174.0
DCA,DFW,178.0
DCA,DFW,193.0
DCA,DFW,184.0
DCA,DFW,180.0
DCA,DFW,174.0
DCA,DFW,186.0
DCA,DFW,167.0
DCA,DFW,192.0
DCA,DFW,193.0
DCA,DFW,185.0
DCA,DFW,193.0
DCA,DFW,180.0
DCA,DFW,193.0
DCA,DFW,177.0
DCA,DFW,194.0
DCA,DFW,182.0
DCA,DFW,176.0
DCA,DFW,164.0
DCA,DFW,177.0
DCA,DFW,175.0
DFW,MCO,116.0
DFW,MCO,120.0
DFW,MCO,121.0
DFW,MCO,119.0
DFW,HNL,502.0
DFW,HNL,498.0
DFW,HNL,503.0
DFW,HNL,514.0
DFW,HNL,561.0
DFW,HNL,532.0
DFW,HNL,477.0
DFW,HNL,494.0
DFW,HNL,525.0
DFW,HNL,504.0
DFW,HNL,507.0
DFW,HNL,494.0
DFW,HNL,498.0
DFW,HNL,504.0
DFW,HNL,508.0
DFW,HNL,503.0
DFW,HNL,508.0
DFW,HNL,497.0
DFW,HNL,524.0
DFW,HNL,534.0
DFW,HNL,519.0
DFW,HNL,499.0
DFW,HNL,486.0
DFW,HNL,503.0
DFW,HNL,488.0
DFW,HNL,483.0
DFW,HNL,476.0
DFW,HNL,492.0
DFW,HNL,487.0
DFW,HNL,530.0
MIA,PHX,293.0
MIA,PHX,276.0
MIA,PHX,283.0
MIA,PHX,278.0
MIA,PHX,278.0
MIA,PHX,262.0
MIA,PHX,300.0
MIA,PHX,287.0
MIA,PHX,285.0
MIA,PHX,287.0
MIA,PHX,291.0
MIA,PHX,273.0
MIA,PHX,281.0
MIA,PHX,279.0
MIA,PHX,285.0
MIA,PHX,290.0
MIA,PHX,281.0
MIA,PHX,278.0
MIA,PHX,282.0
MIA,PHX,289.0
MIA,PHX,297.0
MIA,PHX,295.0
MIA,PHX,277.0
MIA,PHX,270.0
MIA,PHX,291.0
MIA,PHX,275.0
MIA,PHX,278.0
MIA,PHX,281.0
MIA,PHX,279.0
MIA,PHX,288.0
MIA,PHX,286.0
JFK,LAX,330.0
JFK,LAX,340.0
JFK,LAX,338.0
JFK,LAX,324.0
JFK,LAX,340.0
JFK,LAX,320.0
JFK,LAX,337.0
JFK,LAX,336.0
JFK,LAX,350.0
JFK,LAX,339.0
JFK,LAX,377.0
JFK,LAX,325.0
JFK,LAX,345.0
JFK,LAX,329.0
JFK,LAX,324.0
JFK,LAX,335.0
JFK,LAX,352.0
LAX,ORD,202.0
LAX,ORD,206.0
LAX,ORD,204.0
LAX,ORD,214.0
LAX,ORD,203.0
LAX,ORD,201.0
LAX,ORD,207.0
LAX,ORD,210.0
LAX,ORD,215.0
LAX,ORD,220.0
LAX,ORD,227.0
LAX,ORD,206.0
LAX,ORD,220.0
LAX,ORD,210.0
LAX,ORD,212.0
LAX,ORD,222.0
LAX,ORD,216.0
LAX,ORD,212.0
LAX,ORD,209.0
LAX,ORD,214.0
LAX,ORD,223.0
LAX,ORD,222.0
LAX,ORD,210.0
LAX,ORD,210.0
LAX,ORD,206.0
LAX,ORD,244.0
LAX,ORD,217.0
LAX,ORD,237.0
LAX,ORD,224.0
LAX,ORD,206.0
LAX,ORD,196.0
EWR,DFW,187.0
EWR,DFW,194.0
EWR,DFW,196.0
EWR,DFW,200.0
EWR,DFW,207.0
EWR,DFW,206.0
EWR,DFW,208.0
EWR,DFW,199.0
EWR,DFW,208.0
EWR,DFW,186.0
EWR,DFW,231.0
EWR,DFW,219.0
EWR,DFW,210.0
EWR,DFW,212.0
EWR,DFW,209.0
EWR,DFW,208.0
EWR,DFW,215.0
EWR,DFW,211.0
EWR,DFW,217.0
EWR,DFW,195.0
EWR,DFW,191.0
EWR,DFW,197.0
EWR,DFW,201.0
IAD,DFW,211.0
IAD,DFW,186.0
IAD,DFW,175.0
IAD,DFW,171.0
DFW,EWR,163.0
DFW,EWR,164.0
DFW,EWR,158.0
DFW,EWR,161.0
DFW,EWR,189.0
DFW,EWR,154.0
DFW,EWR,155.0
DFW,EWR,167.0
DFW,EWR,170.0
DFW,EWR,163.0
DFW,EWR,163.0
DFW,EWR,162.0
DFW,EWR,153.0
MIA,DFW,162.0
MIA,DFW,165.0
MIA,DFW,174.0
MIA,DFW,167.0
MIA,DFW,161.0
MIA,DFW,156.0
LAX,HNL,343.0
LAX,HNL,350.0
LAX,HNL,349.0
LAX,HNL,372.0
LAX,HNL,367.0
LAX,HNL,349.0
LAX,HNL,341.0
LAX,HNL,353.0
LAX,HNL,333.0
LAX,HNL,327.0
LAX,HNL,347.0
LAX,HNL,356.0
HNL,LAX,266.0
HNL,LAX,280.0
HNL,LAX,275.0
HNL,LAX,254.0
HNL,LAX,283.0
HNL,LAX,274.0
HNL,LAX,282.0
HNL,LAX,284.0
HNL,LAX,294.0
HNL,LAX,279.0
HNL,LAX,264.0
HNL,LAX,273.0
LAX,LIH,349.0
LAX,LIH,339.0
LAX,LIH,368.0
LAX,LIH,387.0
LAX,LIH,364.0
LAX,LIH,355.0
LAX,LIH,356.0
LAX,LIH,364.0
LAX,LIH,353.0
LAX,LIH,334.0
LAX,LIH,350.0
LAX,LIH,387.0
LIH,LAX,267.0
LIH,LAX,295.0
LIH,LAX,262.0
LIH,LAX,260.0
LIH,LAX,276.0
LIH,LAX,284.0
LIH,LAX,280.0
LIH,LAX,289.0
LIH,LAX,298.0
LIH,LAX,300.0
LIH,LAX,266.0
LIH,LAX,271.0
MIA,LAX,326.0
MIA,LAX,318.0
MIA,LAX,328.0
MIA,LAX,320.0
MIA,LAX,327.0
MIA,LAX,325.0
MIA,LAX,322.0
MIA,LAX,342.0
MIA,LAX,336.0
MIA,LAX,327.0
MIA,LAX,328.0
MIA,LAX,315.0
MIA,LAX,316.0
MIA,LAX,332.0
MIA,LAX,320.0
MIA,LAX,331.0
MIA,LAX,333.0
MIA,LAX,327.0
MIA,LAX,332.0
MIA,LAX,343.0
MIA,LAX,348.0
MIA,LAX,320.0
MIA,LAX,318.0
MIA,LAX,337.0
MIA,LAX,324.0
MIA,LAX,315.0
MIA,LAX,317.0
MIA,LAX,313.0
MIA,LAX,309.0
MIA,LAX,328.0
MIA,LAX,338.0
SJU,MIA,130.0
SJU,MIA,132.0
SJU,MIA,148.0
SJU,MIA,141.0
SJU,MIA,144.0
SJU,MIA,147.0
SJU,MIA,142.0
SJU,MIA,153.0
SJU,MIA,146.0
SJU,MIA,138.0
SJU,MIA,145.0
SJU,MIA,141.0
SJU,MIA,155.0
SJU,MIA,152.0
SJU,MIA,151.0
SJU,MIA,153.0
SJU,MIA,152.0
SJU,MIA,141.0
SJU,MIA,145.0
SJU,MIA,152.0
SJU,MIA,146.0
SJU,MIA,152.0
SJU,MIA,151.0
SJU,MIA,141.0
SJU,MIA,156.0
SJU,MIA,152.0
SJU,MIA,150.0
SJU,MIA,181.0
SJU,MIA,138.0
SJU,MIA,151.0
SJU,MIA,146.0
ORD,BOS,113.0
ORD,BOS,101.0
ORD,BOS,106.0
ORD,LGA,99.0
ORD,LGA,96.0
ORD,LGA,96.0
ORD,LGA,95.0
ORD,LGA,102.0
ORD,LGA,93.0
ORD,LGA,90.0
ORD,LGA,93.0
ORD,LGA,95.0
ORD,LGA,94.0
ORD,LGA,90.0
ORD,LGA,100.0
ORD,LGA,105.0
ORD,LGA,92.0
ORD,LGA,92.0
ORD,LGA,94.0
ORD,LGA,87.0
ORD,LGA,96.0
ORD,LGA,95.0
ORD,LGA,110.0
ORD,LGA,97.0
BOS,ORD,156.0
BOS,ORD,131.0
BOS,ORD,148.0
BOS,ORD,131.0
LGA,ORD,110.0
LGA,ORD,109.0
LGA,ORD,116.0
LGA,ORD,114.0
LGA,ORD,125.0
LGA,ORD,116.0
LGA,ORD,116.0
LGA,ORD,135.0
LGA,ORD,124.0
LGA,ORD,132.0
LGA,ORD,111.0
LGA,ORD,113.0
LGA,ORD,114.0
LGA,ORD,120.0
LGA,ORD,116.0
LGA,ORD,138.0
LGA,ORD,120.0
LGA,ORD,116.0
LGA,ORD,112.0
LGA,ORD,104.0
LGA,ORD,114.0
MCO,JFK,118.0
MCO,JFK,122.0
MCO,JFK,118.0
MCO,JFK,115.0
MCO,JFK,110.0
MCO,JFK,117.0
MCO,JFK,120.0
MCO,JFK,120.0
MCO,JFK,119.0
MCO,JFK,123.0
MCO,JFK,111.0
MCO,JFK,109.0
MCO,JFK,116.0
MCO,JFK,121.0
MCO,JFK,114.0
MCO,JFK,111.0
MCO,JFK,111.0
MCO,JFK,109.0
MCO,JFK,121.0
MCO,JFK,119.0
MCO,JFK,117.0
MCO,JFK,110.0
MCO,JFK,125.0
MCO,JFK,112.0
MCO,JFK,110.0
MCO,JFK,128.0
MCO,JFK,114.0
MCO,JFK,121.0
JFK,MCO,147.0
JFK,MCO,141.0
JFK,MCO,153.0
JFK,MCO,140.0
JFK,MCO,147.0
JFK,MCO,145.0
JFK,MCO,145.0
JFK,MCO,158.0
JFK,MCO,152.0
JFK,MCO,159.0
JFK,MCO,162.0
JFK,MCO,141.0
JFK,MCO,141.0
JFK,MCO,151.0
JFK,MCO,159.0
JFK,MCO,145.0
JFK,MCO,163.0
JFK,MCO,173.0
JFK,MCO,136.0
JFK,MCO,139.0
JFK,MCO,143.0
LAX,JFK,282.0
LAX,JFK,283.0
LAX,JFK,304.0
LAX,JFK,294.0
LAX,JFK,292.0
LAX,JFK,295.0
LAX,JFK,298.0
LAX,JFK,296.0
LAX,JFK,284.0
LAX,JFK,292.0
LAX,JFK,297.0
LAX,JFK,296.0
LAX,JFK,291.0
LAX,JFK,281.0
LAX,JFK,299.0
LAX,JFK,307.0
LAX,JFK,288.0
ABQ,DFW,80.0
JFK,LAX,334.0
JFK,LAX,329.0
JFK,LAX,311.0
JFK,LAX,330.0
JFK,LAX,332.0
JFK,LAX,316.0
JFK,LAX,316.0
JFK,LAX,329.0
JFK,LAX,327.0
JFK,LAX,325.0
JFK,LAX,336.0
JFK,LAX,348.0
JFK,LAX,322.0
JFK,LAX,337.0
JFK,LAX,354.0
JFK,LAX,341.0
JFK,LAX,327.0
JFK,LAX,347.0
JFK,LAX,333.0
JFK,LAX,319.0
JFK,LAX,325.0
JFK,LAX,338.0
JFK,LAX,323.0
JFK,LAX,332.0
JFK,LAX,349.0
DFW,ORF,123.0
DFW,ORF,154.0
DFW,ORF,145.0
DFW,ORF,145.0
DFW,ORF,156.0
DFW,ORF,143.0
DFW,ORF,136.0
DFW,ORF,131.0
DFW,ORF,138.0
DFW,ORF,141.0
DFW,ORF,150.0
DFW,ORF,148.0
DFW,ORF,136.0
DFW,ORF,143.0
DFW,ORF,140.0
DFW,ORF,141.0
DFW,ORF,149.0
DFW,ORF,138.0
DFW,ORF,136.0
DFW,ORF,143.0
DFW,ORF,153.0
DFW,ORF,142.0
ORF,DFW,200.0
ORF,DFW,183.0
ORF,DFW,173.0
ORF,DFW,177.0
ORF,DFW,175.0
ORF,DFW,193.0
ORF,DFW,212.0
ORF,DFW,191.0
ORF,DFW,186.0
ORF,DFW,182.0
ORF,DFW,187.0
ORF,DFW,183.0
ORF,DFW,199.0
ORF,DFW,181.0
ORF,DFW,200.0
ORF,DFW,198.0
ORF,DFW,172.0
ORF,DFW,198.0
ORF,DFW,180.0
ORF,DFW,185.0
ORF,DFW,176.0
ORF,DFW,180.0
LAX,BNA,197.0
LAX,BNA,199.0
LAX,BNA,207.0
LAX,BNA,205.0
MIA,LAX,328.0
MIA,LAX,317.0
MIA,LAX,327.0
MIA,LAX,313.0
MIA,LAX,331.0
MIA,LAX,328.0
MIA,LAX,317.0
MIA,LAX,339.0
MIA,LAX,324.0
MIA,LAX,325.0
MIA,LAX,314.0
MIA,LAX,314.0
MIA,LAX,323.0
MIA,LAX,320.0
MIA,LAX,327.0
MIA,LAX,344.0
MIA,LAX,333.0
MIA,LAX,320.0
MIA,LAX,324.0
MIA,LAX,329.0
MIA,LAX,330.0
MIA,LAX,318.0
MIA,LAX,313.0
MIA,LAX,310.0
MIA,LAX,334.0
MIA,LAX,313.0
MIA,LAX,309.0
MIA,LAX,320.0
MIA,LAX,323.0
MIA,LAX,315.0
MIA,LAX,334.0
TPA,MIA,39.0
TPA,MIA,36.0
TPA,MIA,42.0
TPA,MIA,37.0
TPA,MIA,42.0
TPA,MIA,42.0
TPA,MIA,36.0
TPA,MIA,39.0
TPA,MIA,41.0
TPA,MIA,45.0
TPA,MIA,47.0
TPA,MIA,42.0
TPA,MIA,43.0
TPA,MIA,36.0
TPA,MIA,37.0
TPA,MIA,40.0
TPA,MIA,41.0
TPA,MIA,40.0
TPA,MIA,39.0
TPA,MIA,36.0
TPA,MIA,37.0
TPA,MIA,42.0
TPA,MIA,42.0
TPA,MIA,39.0
TPA,MIA,40.0
TPA,MIA,45.0
TPA,MIA,37.0
TPA,MIA,39.0
TPA,MIA,37.0
TPA,MIA,35.0
MCO,MIA,39.0
MCO,MIA,40.0
MCO,MIA,40.0
MCO,MIA,43.0
MCO,MIA,48.0
MCO,MIA,56.0
MCO,MIA,37.0
MCO,MIA,37.0
MCO,MIA,37.0
MCO,MIA,44.0
MCO,MIA,39.0
MCO,MIA,39.0
MCO,MIA,39.0
MCO,MIA,43.0
MCO,MIA,67.0
MCO,MIA,41.0
MCO,MIA,42.0
MCO,MIA,37.0
MCO,MIA,38.0
MCO,MIA,39.0
MCO,MIA,38.0
MCO,MIA,49.0
MCO,MIA,38.0
MCO,MIA,37.0
MCO,MIA,41.0
MCO,MIA,39.0
MCO,MIA,46.0
MCO,MIA,51.0
MCO,MIA,38.0
MCO,MIA,40.0
MCO,MIA,39.0
LAX,HNL,333.0
LAX,HNL,348.0
LAX,HNL,356.0
LAX,HNL,384.0
LAX,HNL,352.0
LAX,HNL,346.0
LAX,HNL,344.0
LAX,HNL,348.0
LAX,HNL,350.0
LAX,HNL,348.0
LAX,HNL,355.0
LAX,HNL,370.0
LAX,HNL,332.0
LAX,HNL,334.0
LAX,HNL,343.0
LAX,HNL,346.0
LAX,HNL,351.0
LAX,HNL,341.0
LAX,HNL,341.0
LAX,HNL,341.0
LAX,HNL,354.0
LAX,HNL,344.0
LAX,HNL,331.0
LAX,HNL,334.0
LAX,HNL,331.0
LAX,HNL,331.0
LAX,HNL,329.0
LAX,HNL,330.0
LAX,HNL,334.0
LAX,HNL,363.0
LAX,HNL,350.0
HNL,LAX,265.0
HNL,LAX,278.0
HNL,LAX,252.0
HNL,LAX,252.0
HNL,LAX,277.0
HNL,LAX,259.0
HNL,LAX,278.0
HNL,LAX,274.0
HNL,LAX,280.0
HNL,LAX,283.0
HNL,LAX,269.0
HNL,LAX,263.0
HNL,LAX,281.0
HNL,LAX,276.0
HNL,LAX,266.0
HNL,LAX,278.0
HNL,LAX,280.0
HNL,LAX,260.0
HNL,LAX,279.0
HNL,LAX,288.0
HNL,LAX,282.0
HNL,LAX,288.0
HNL,LAX,290.0
HNL,LAX,287.0
HNL,LAX,294.0
HNL,LAX,285.0
HNL,LAX,278.0
HNL,LAX,265.0
HNL,LAX,260.0
HNL,LAX,259.0
HNL,LAX,269.0
DFW,TUL,37.0
DFW,TUL,40.0
DFW,TUL,39.0
DFW,TUL,41.0
DFW,TUL,46.0
DFW,TUL,47.0
DFW,TUL,45.0
DFW,TUL,36.0
DFW,TUL,42.0
DFW,TUL,47.0
DFW,TUL,38.0
DFW,TUL,45.0
DFW,TUL,42.0
DFW,TUL,36.0
DFW,TUL,39.0
DFW,TUL,41.0
DFW,TUL,37.0
DFW,TUL,38.0
DFW,TUL,46.0
DFW,TUL,38.0
DFW,TUL,42.0
DFW,TUL,36.0
DFW,TUL,39.0
DFW,TUL,43.0
DFW,TUL,40.0
DFW,TUL,40.0
DFW,TUL,35.0
FLL,DFW,171.0
FLL,DFW,162.0
FLL,DFW,166.0
FLL,DFW,164.0
FLL,DFW,157.0
FLL,DFW,163.0
FLL,DFW,181.0
FLL,DFW,186.0
FLL,DFW,170.0
FLL,DFW,172.0
FLL,DFW,173.0
FLL,DFW,171.0
FLL,DFW,174.0
FLL,DFW,161.0
FLL,DFW,171.0
FLL,DFW,168.0
FLL,DFW,181.0
FLL,DFW,186.0
FLL,DFW,160.0
FLL,DFW,162.0
FLL,DFW,158.0
FLL,DFW,153.0
FLL,DFW,171.0
FLL,DFW,168.0
FLL,DFW,166.0
FLL,DFW,163.0
FLL,DFW,165.0
ORD,FLL,160.0
ORD,FLL,156.0
ORD,FLL,156.0
ORD,FLL,160.0
ORD,FLL,166.0
ORD,FLL,168.0
ORD,FLL,162.0
ORD,FLL,159.0
ORD,FLL,157.0
ORD,FLL,159.0
ORD,FLL,176.0
ORD,FLL,164.0
ORD,FLL,161.0
ORD,FLL,158.0
ORD,FLL,152.0
ORD,FLL,147.0
ORD,FLL,161.0
ORD,FLL,172.0
ORD,FLL,149.0
ORD,FLL,144.0
ORD,FLL,158.0
ORD,FLL,161.0
ORD,FLL,171.0
ORD,FLL,173.0
ORD,FLL,155.0
ORD,FLL,154.0
ORD,FLL,150.0
ORD,LAS,204.0
ORD,LAS,200.0
ORD,LAS,203.0
ORD,LAS,197.0
ORD,LAS,206.0
ORD,LAS,205.0
ORD,LAS,199.0
ORD,LAS,194.0
ORD,LAS,200.0
ORD,LAS,195.0
ORD,LAS,194.0
ORD,LAS,214.0
ORD,LAS,200.0
ORD,LAS,219.0
ORD,LAS,204.0
ORD,LAS,205.0
ORD,LAS,209.0
ORD,LAS,212.0
ORD,LAS,206.0
ORD,LAS,201.0
ORD,LAS,201.0
ORD,LAS,199.0
ORD,LAS,217.0
ORD,LAS,209.0
ORD,LAS,200.0
ORD,LAS,186.0
ORD,LAS,200.0
ORD,LAS,197.0
ORD,LAS,204.0
ORD,LAS,231.0
ORD,LAS,235.0
DFW,DTW,120.0
DFW,DTW,120.0
DFW,DTW,122.0
DFW,DTW,132.0
DFW,DTW,130.0
DFW,DTW,126.0
DFW,DTW,122.0
DFW,DTW,124.0
DFW,DTW,118.0
DFW,DTW,131.0
DFW,DTW,119.0
DFW,DTW,137.0
DFW,DTW,128.0
DFW,DTW,125.0
DFW,DTW,125.0
DFW,DTW,125.0
DFW,DTW,122.0
DFW,DTW,130.0
DFW,DTW,125.0
DFW,DTW,128.0
DFW,DTW,129.0
DFW,DTW,132.0
DFW,DTW,133.0
DFW,DTW,126.0
DFW,DTW,120.0
DFW,DTW,115.0
DFW,DTW,132.0
DFW,DTW,137.0
DFW,DTW,128.0
DFW,DTW,126.0
DFW,DTW,118.0
DTW,MIA,146.0
DTW,MIA,153.0
DTW,MIA,174.0
DTW,MIA,157.0
DTW,MIA,158.0
DTW,MIA,156.0
DTW,MIA,152.0
DTW,MIA,168.0
DTW,MIA,167.0
DTW,MIA,159.0
DTW,MIA,159.0
DTW,MIA,146.0
DTW,MIA,157.0
DTW,MIA,161.0
DTW,MIA,169.0
DTW,MIA,164.0
DTW,MIA,151.0
DTW,MIA,149.0
DTW,MIA,151.0
DTW,MIA,151.0
DTW,MIA,168.0
DFW,SEA,216.0
DFW,SEA,208.0
DFW,SEA,216.0
DFW,SEA,210.0
DFW,SEA,223.0
DFW,SEA,221.0
DFW,SEA,226.0
DFW,SEA,239.0
DFW,SEA,223.0
DFW,SEA,230.0
DFW,SEA,240.0
DFW,SEA,243.0
DFW,SEA,234.0
DFW,SEA,230.0
DFW,SEA,235.0
DFW,SEA,243.0
DFW,SEA,230.0
DFW,SEA,238.0
DFW,SEA,227.0
DFW,SEA,228.0
DFW,SEA,233.0
DFW,SEA,227.0
DFW,SEA,231.0
DFW,SEA,223.0
DFW,SEA,253.0
DFW,SEA,232.0
DFW,SEA,234.0
LAS,DFW,127.0
LAS,DFW,115.0
LAS,DFW,130.0
LAS,DFW,124.0
LAS,DFW,122.0
LAS,DFW,127.0
LAS,DFW,124.0
LAS,DFW,127.0
LAS,DFW,130.0
LAS,DFW,131.0
LAS,DFW,127.0
LAS,DFW,125.0
LAS,DFW,124.0
LAS,DFW,127.0
LAS,DFW,119.0
LAS,DFW,123.0
LAS,DFW,125.0
LAS,DFW,130.0
LAS,DFW,125.0
LAS,DFW,120.0
LAS,DFW,131.0
LAS,DFW,132.0
LAS,DFW,132.0
LAS,DFW,130.0
LAS,DFW,125.0
ORD,BOS,100.0
ORD,BOS,100.0
ORD,BOS,118.0
ORD,LGA,102.0
ORD,LGA,101.0
ORD,LGA,98.0
ORD,LGA,98.0
ORD,LGA,99.0
ORD,LGA,119.0
ORD,LGA,94.0
ORD,LGA,96.0
ORD,LGA,90.0
ORD,LGA,96.0
ORD,LGA,92.0
ORD,LGA,94.0
ORD,LGA,96.0
ORD,LGA,94.0
ORD,LGA,117.0
ORD,LGA,98.0
ORD,LGA,95.0
ORD,LGA,98.0
ORD,LGA,97.0
ORD,LGA,94.0
ORD,LGA,98.0
ORD,LGA,93.0
ORD,LGA,104.0
ORD,LGA,100.0
ORD,LGA,95.0
BOS,ORD,145.0
BOS,ORD,128.0
BOS,ORD,152.0
BOS,ORD,135.0
LGA,ORD,111.0
LGA,ORD,113.0
LGA,ORD,119.0
LGA,ORD,106.0
LGA,ORD,115.0
LGA,ORD,111.0
LGA,ORD,125.0
LGA,ORD,114.0
LGA,ORD,119.0
LGA,ORD,132.0
LGA,ORD,121.0
LGA,ORD,118.0
LGA,ORD,116.0
LGA,ORD,113.0
LGA,ORD,113.0
LGA,ORD,110.0
LGA,ORD,116.0
LGA,ORD,117.0
LGA,ORD,116.0
LGA,ORD,123.0
LGA,ORD,119.0
LGA,ORD,114.0
LGA,ORD,106.0
LGA,ORD,113.0
LGA,ORD,126.0
DFW,RSW,121.0
DFW,RSW,124.0
DFW,RSW,114.0
DFW,RSW,121.0
DFW,RSW,123.0
DFW,RSW,120.0
DFW,RSW,121.0
DFW,RSW,118.0
DFW,RSW,120.0
DFW,RSW,122.0
DFW,RSW,119.0
DFW,RSW,120.0
DFW,RSW,121.0
DFW,RSW,119.0
DFW,RSW,128.0
DFW,RSW,116.0
DFW,RSW,122.0
DFW,RSW,120.0
DFW,RSW,123.0
DFW,RSW,119.0
DFW,RSW,126.0
DFW,RSW,119.0
DFW,RSW,123.0
DFW,RSW,120.0
DFW,RSW,111.0
DFW,RSW,120.0
DFW,RSW,123.0
DFW,RSW,123.0
DFW,RSW,121.0
DFW,RSW,114.0
DFW,RSW,118.0
LAX,MIA,246.0
LAX,MIA,249.0
LAX,MIA,243.0
LAX,MIA,255.0
LAX,MIA,251.0
LAX,MIA,249.0
LAX,MIA,234.0
LAX,MIA,248.0
LAX,MIA,260.0
LAX,MIA,257.0
LAX,MIA,250.0
LAX,MIA,267.0
LAX,MIA,264.0
LAX,MIA,262.0
LAX,MIA,253.0
LAX,MIA,259.0
LAX,MIA,264.0
LAX,MIA,258.0
LAX,MIA,246.0
LAX,MIA,257.0
LAX,MIA,283.0
LAX,MIA,261.0
LAX,MIA,266.0
LAX,MIA,248.0
LAX,MIA,253.0
LAX,MIA,259.0
LAX,MIA,281.0
LAX,MIA,260.0
LAX,MIA,244.0
LAX,MIA,245.0
DFW,SAT,51.0
DFW,SAT,43.0
DFW,SAT,44.0
DFW,SAT,51.0
DFW,SAT,54.0
DFW,SAT,47.0
DFW,SAT,46.0
DFW,SAT,46.0
DFW,SAT,47.0
DFW,SAT,47.0
DFW,SAT,43.0
DFW,SAT,47.0
DFW,SAT,45.0
DFW,SAT,40.0
DFW,SAT,43.0
DFW,SAT,46.0
DFW,SAT,52.0
DFW,SAT,46.0
DFW,SAT,44.0
DFW,SAT,53.0
DFW,SAT,53.0
DFW,SAT,50.0
DFW,SAT,41.0
DFW,SAT,45.0
DFW,SAT,46.0
LAX,BOS,291.0
LAX,BOS,281.0
LAX,BOS,291.0
LAX,BOS,302.0
LAX,BOS,293.0
LAX,BOS,306.0
LAX,BOS,296.0
LAX,BOS,305.0
LAX,BOS,293.0
LAX,BOS,303.0
LAX,BOS,291.0
LAX,BOS,286.0
LAX,BOS,298.0
LAX,BOS,279.0
LAX,BOS,302.0
LAX,BOS,293.0
LAX,BOS,306.0
LAX,BOS,297.0
LAX,BOS,307.0
LAX,BOS,293.0
LAX,BOS,287.0
LAX,BOS,296.0
LAX,BOS,300.0
LAX,BOS,314.0
LAX,BOS,299.0
LAX,BOS,283.0
LAX,BOS,266.0
ORD,SFO,237.0
ORD,SFO,250.0
ORD,SFO,242.0
ORD,SFO,242.0
SFO,DFW,170.0
SFO,DFW,167.0
SFO,DFW,185.0
SFO,DFW,171.0
SFO,DFW,179.0
SFO,DFW,180.0
SFO,DFW,173.0
SFO,DFW,176.0
SFO,DFW,176.0
SFO,DFW,182.0
SFO,DFW,183.0
SFO,DFW,177.0
SFO,DFW,168.0
SFO,DFW,167.0
SFO,DFW,168.0
SFO,DFW,178.0
SFO,DFW,169.0
SFO,DFW,166.0
SFO,DFW,170.0
SFO,DFW,176.0
SFO,DFW,171.0
SFO,DFW,172.0
SFO,DFW,170.0
SFO,DFW,181.0
SFO,DFW,183.0
SFO,DFW,176.0
SFO,DFW,179.0
SFO,DFW,181.0
SFO,DFW,159.0
SFO,DFW,162.0
MIA,BWI,124.0
MIA,BWI,124.0
MIA,BWI,116.0
MIA,BWI,128.0
MIA,BWI,121.0
MIA,BWI,124.0
MIA,BWI,122.0
MIA,BWI,121.0
MIA,BWI,112.0
MIA,BWI,113.0
MIA,BWI,120.0
MIA,BWI,124.0
MIA,BWI,116.0
MIA,BWI,112.0
MIA,BWI,118.0
MIA,BWI,116.0
MIA,BWI,120.0
MIA,BWI,121.0
MIA,BWI,137.0
MIA,BWI,124.0
MIA,BWI,115.0
MIA,BWI,140.0
MIA,BWI,128.0
MIA,BWI,127.0
MCO,MIA,41.0
MCO,MIA,37.0
MCO,MIA,37.0
MCO,MIA,39.0
MCO,MIA,42.0
MCO,MIA,41.0
MCO,MIA,37.0
MCO,MIA,37.0
MCO,MIA,34.0
MCO,MIA,45.0
MCO,MIA,35.0
MCO,MIA,39.0
MCO,MIA,38.0
MCO,MIA,41.0
MCO,MIA,49.0
MCO,MIA,38.0
MCO,MIA,37.0
MCO,MIA,39.0
MCO,MIA,39.0
MCO,MIA,41.0
MCO,MIA,40.0
MCO,MIA,49.0
MCO,MIA,39.0
MCO,MIA,35.0
MCO,MIA,36.0
MCO,MIA,38.0
MCO,MIA,49.0
MCO,MIA,54.0
MCO,MIA,38.0
MCO,MIA,39.0
MCO,MIA,38.0
MIA,MCO,40.0
MIA,MCO,37.0
MIA,MCO,37.0
MIA,MCO,35.0
MIA,MCO,35.0
MIA,MCO,36.0
MIA,MCO,36.0
MIA,MCO,40.0
MIA,MCO,48.0
MIA,MCO,32.0
MIA,MCO,32.0
MIA,MCO,34.0
MIA,MCO,37.0
MIA,MCO,37.0
MIA,MCO,48.0
MIA,MCO,44.0
MIA,MCO,32.0
MIA,MCO,33.0
MIA,MCO,36.0
MIA,MCO,38.0
MIA,MCO,37.0
MIA,MCO,45.0
MIA,MCO,37.0
MIA,MCO,36.0
MIA,MCO,40.0
MIA,MCO,39.0
MIA,MCO,36.0
MIA,MCO,39.0
MIA,MCO,36.0
MIA,MCO,38.0
MIA,MCO,39.0
JFK,STT,200.0
JFK,STT,198.0
JFK,STT,204.0
JFK,STT,206.0
JFK,STT,191.0
JFK,STT,194.0
JFK,STT,195.0
JFK,STT,215.0
JFK,STT,196.0
LGA,ORD,118.0
LGA,ORD,120.0
LGA,ORD,122.0
LGA,ORD,125.0
LGA,ORD,118.0
LGA,ORD,120.0
LGA,ORD,115.0
LGA,ORD,124.0
JAX,DFW,139.0
JAX,DFW,146.0
JAX,DFW,137.0
JAX,DFW,145.0
JAX,DFW,143.0
JAX,DFW,138.0
JAX,DFW,154.0
JAX,DFW,146.0
JAX,DFW,150.0
JAX,DFW,146.0
JAX,DFW,144.0
JAX,DFW,149.0
JAX,DFW,138.0
JAX,DFW,147.0
JAX,DFW,137.0
JAX,DFW,144.0
JAX,DFW,140.0
JAX,DFW,147.0
JAX,DFW,143.0
JAX,DFW,149.0
JAX,DFW,151.0
JAX,DFW,135.0
JAX,DFW,138.0
JAX,DFW,143.0
JAX,DFW,147.0
JAX,DFW,148.0
JAX,DFW,146.0
JAX,DFW,132.0
JAX,DFW,137.0
JAX,DFW,139.0
MSY,MIA,89.0
MSY,MIA,93.0
MSY,MIA,82.0
MSY,MIA,84.0
MSY,MIA,86.0
MSY,MIA,80.0
MSY,MIA,86.0
MSY,MIA,83.0
MSY,MIA,84.0
MSY,MIA,126.0
MSY,MIA,84.0
MSY,MIA,83.0
MSY,MIA,84.0
MSY,MIA,81.0
MSY,MIA,87.0
MSY,MIA,85.0
MSY,MIA,86.0
MSY,MIA,77.0
MSY,MIA,79.0
MSY,MIA,83.0
MSY,MIA,81.0
MSY,MIA,89.0
MSY,MIA,86.0
MSY,MIA,86.0
ORD,LGA,90.0
ORD,LGA,92.0
ORD,LGA,100.0
ORD,LGA,102.0
ORD,LGA,98.0
ORD,LGA,100.0
ORD,LGA,95.0
ORD,LGA,95.0
ORD,LGA,98.0
ORD,LGA,101.0
ORD,LGA,93.0
ORD,LGA,94.0
ORD,LGA,96.0
ORD,LGA,98.0
ORD,LGA,94.0
ORD,LGA,93.0
ORD,LGA,100.0
ORD,LGA,105.0
ORD,LGA,99.0
ORD,LGA,112.0
ORD,LGA,98.0
ORD,LGA,97.0
ORD,LGA,94.0
ORD,LGA,94.0
ORD,LGA,101.0
ORD,LGA,101.0
ORD,LGA,97.0
ATL,DFW,128.0
ATL,DFW,123.0
ATL,DFW,109.0
ATL,DFW,110.0
DFW,SFO,207.0
DFW,SFO,202.0
DFW,SFO,205.0
DFW,SFO,206.0
DFW,SFO,201.0
DFW,SFO,200.0
DFW,SFO,197.0
DFW,SFO,197.0
DFW,SFO,209.0
DFW,SFO,198.0
DFW,SFO,187.0
DFW,SFO,195.0
DFW,SFO,202.0
DFW,SFO,209.0
DFW,SFO,200.0
DFW,SFO,219.0
DFW,SFO,214.0
DFW,SFO,205.0
DFW,SFO,225.0
DFW,SFO,211.0
DFW,SFO,207.0
DFW,SFO,209.0
DFW,SFO,212.0
DFW,SFO,201.0
DFW,SFO,200.0
DFW,SFO,190.0
DFW,SFO,198.0
DFW,SFO,196.0
DFW,SFO,208.0
DFW,SFO,220.0
DFW,SFO,214.0
SFO,ORD,217.0
SFO,ORD,210.0
SFO,ORD,223.0
SFO,ORD,222.0
ORD,LGA,89.0
ORD,LGA,95.0
ORD,LGA,97.0
ORD,LGA,114.0
ORD,MSP,59.0
ORD,MSP,60.0
ORD,MSP,62.0
ORD,MSP,53.0
ORD,MSP,59.0
ORD,MSP,59.0
ORD,MSP,64.0
ORD,MSP,66.0
ORD,MSP,59.0
ORD,MSP,63.0
ORD,MSP,57.0
ORD,MSP,58.0
ORD,MSP,59.0
ORD,MSP,61.0
ORD,MSP,64.0
ORD,MSP,65.0
ORD,MSP,59.0
ORD,MSP,60.0
ORD,MSP,66.0
ORD,MSP,63.0
ORD,MSP,55.0
ORD,MSP,56.0
ORD,MSP,60.0
ORD,MSP,61.0
ORD,MSP,64.0
ORD,MSP,70.0
ORD,MSP,61.0
DFW,IAH,43.0
DFW,IAH,45.0
DFW,IAH,44.0
DFW,IAH,41.0
DFW,IAH,43.0
DFW,IAH,42.0
DFW,IAH,52.0
DFW,IAH,44.0
DFW,IAH,41.0
DFW,IAH,42.0
DFW,IAH,37.0
DFW,IAH,44.0
DFW,IAH,42.0
DFW,IAH,38.0
DFW,IAH,42.0
DFW,IAH,44.0
DFW,IAH,41.0
DFW,IAH,44.0
DFW,IAH,40.0
DFW,IAH,40.0
DFW,IAH,43.0
DFW,IAH,48.0
DFW,IAH,46.0
DFW,IAH,40.0
DFW,IAH,41.0
DFW,IAH,48.0
IAH,DFW,38.0
IAH,DFW,39.0
IAH,DFW,42.0
IAH,DFW,37.0
IAH,DFW,44.0
IAH,DFW,45.0
IAH,DFW,42.0
IAH,DFW,44.0
IAH,DFW,45.0
IAH,DFW,38.0
IAH,DFW,43.0
IAH,DFW,42.0
IAH,DFW,42.0
IAH,DFW,43.0
IAH,DFW,41.0
IAH,DFW,46.0
IAH,DFW,43.0
IAH,DFW,43.0
IAH,DFW,41.0
IAH,DFW,43.0
IAH,DFW,67.0
IAH,DFW,43.0
IAH,DFW,45.0
IAH,DFW,41.0
IAH,DFW,39.0
IAH,DFW,39.0
IAH,DFW,39.0
IAH,DFW,41.0
IAH,DFW,43.0
IAH,DFW,43.0
IAH,DFW,39.0
ORD,LGA,94.0
ORD,LGA,97.0
ORD,LGA,96.0
ORD,LGA,117.0
ORD,LGA,96.0
ORD,LGA,102.0
ORD,LGA,96.0
ORD,LGA,99.0
ORD,LGA,97.0
ORD,LGA,101.0
ORD,LGA,95.0
ORD,LGA,97.0
ORD,LGA,94.0
ORD,LGA,101.0
ORD,LGA,103.0
ORD,LGA,92.0
ORD,LGA,91.0
ORD,LGA,93.0
ORD,LGA,101.0
ORD,LGA,100.0
ORD,LGA,101.0
ORD,LGA,94.0
ORD,LGA,99.0
ORD,LGA,95.0
ORD,LGA,103.0
ORD,LGA,90.0
ORD,LGA,100.0
LAX,SFO,53.0
LAX,SFO,51.0
LAX,SFO,52.0
LAX,SFO,68.0
LAX,SFO,58.0
LAX,SFO,57.0
LAX,SFO,57.0
LAX,SFO,58.0
LAX,SFO,58.0
LAX,SFO,57.0
LAX,SFO,51.0
LAX,SFO,52.0
LAX,SFO,59.0
LAX,SFO,56.0
LAX,SFO,54.0
LAX,SFO,65.0
LAX,SFO,59.0
LAX,SFO,59.0
LAX,SFO,58.0
LAX,SFO,55.0
LAX,SFO,62.0
LAX,SFO,65.0
LAX,SFO,58.0
LAX,SFO,59.0
LAX,SFO,53.0
LAX,SFO,57.0
LAX,SFO,63.0
LAX,SFO,58.0
LAX,SFO,60.0
LAX,SFO,58.0
FLL,ORD,158.0
FLL,ORD,169.0
FLL,ORD,158.0
FLL,ORD,170.0
FLL,ORD,155.0
FLL,ORD,151.0
FLL,ORD,159.0
FLL,ORD,159.0
FLL,ORD,161.0
FLL,ORD,155.0
FLL,ORD,152.0
FLL,ORD,170.0
FLL,ORD,166.0
FLL,ORD,167.0
FLL,ORD,156.0
FLL,ORD,156.0
FLL,ORD,165.0
FLL,ORD,159.0
FLL,ORD,161.0
FLL,ORD,175.0
FLL,ORD,159.0
FLL,ORD,159.0
FLL,ORD,161.0
FLL,ORD,179.0
FLL,ORD,157.0
FLL,ORD,170.0
FLL,ORD,167.0
FLL,ORD,155.0
FLL,ORD,171.0
FLL,ORD,163.0
FLL,ORD,157.0
LGA,ORD,119.0
LGA,ORD,115.0
LGA,ORD,116.0
LGA,ORD,109.0
LGA,ORD,110.0
LGA,ORD,112.0
LGA,ORD,119.0
LGA,ORD,112.0
LGA,ORD,115.0
LGA,ORD,115.0
LGA,ORD,124.0
LGA,ORD,116.0
LGA,ORD,122.0
LGA,ORD,125.0
LGA,ORD,118.0
LGA,ORD,118.0
LGA,ORD,117.0
LGA,ORD,116.0
LGA,ORD,112.0
LGA,ORD,108.0
LGA,ORD,116.0
LGA,ORD,123.0
LGA,ORD,124.0
LGA,ORD,123.0
LGA,ORD,116.0
LGA,ORD,110.0
LGA,ORD,117.0
LGA,ORD,117.0
LGA,ORD,123.0
LAX,SFO,54.0
LAX,SFO,56.0
LAX,SFO,61.0
LAX,SFO,72.0
LAX,SFO,59.0
LAX,SFO,65.0
LAX,SFO,59.0
LAX,SFO,56.0
LAX,SFO,61.0
LAX,SFO,57.0
LAX,SFO,55.0
LAX,SFO,56.0
LAX,SFO,59.0
LAX,SFO,65.0
LAX,SFO,59.0
LAX,SFO,56.0
LAX,SFO,66.0
LAX,SFO,58.0
LAX,SFO,59.0
LAX,SFO,53.0
LAX,SFO,53.0
LAX,SFO,59.0
LAX,SFO,60.0
LAX,SFO,60.0
LAX,SFO,57.0
LAX,SFO,52.0
LAX,SFO,53.0
LAX,SFO,57.0
LAX,SFO,62.0
LAX,SFO,59.0
LAX,SFO,60.0
DFW,SAT,53.0
DFW,SAT,49.0
DFW,SAT,47.0
DFW,SAT,43.0
DFW,SAT,48.0
DFW,SAT,46.0
DFW,SAT,46.0
DFW,SAT,47.0
DFW,SAT,47.0
DFW,SAT,44.0
DFW,SAT,42.0
DFW,SAT,44.0
DFW,SAT,49.0
DFW,SAT,43.0
DFW,SAT,51.0
DFW,SAT,43.0
DFW,SAT,44.0
DFW,SAT,45.0
DFW,SAT,47.0
DFW,SAT,50.0
DFW,SAT,44.0
DFW,SAT,39.0
DFW,SAT,44.0
DFW,SAT,47.0
DFW,SAT,54.0
DFW,SAT,44.0
DFW,SAT,41.0
DFW,SAT,48.0
DFW,SAT,43.0
DFW,SAT,47.0
SAT,DFW,39.0
SAT,DFW,40.0
SAT,DFW,43.0
SAT,DFW,43.0
SAT,DFW,47.0
SAT,DFW,44.0
SAT,DFW,48.0
SAT,DFW,45.0
SAT,DFW,40.0
SAT,DFW,44.0
SAT,DFW,46.0
SAT,DFW,44.0
SAT,DFW,43.0
SAT,DFW,39.0
SAT,DFW,49.0
SAT,DFW,39.0
SAT,DFW,46.0
SAT,DFW,40.0
SAT,DFW,41.0
SAT,DFW,56.0
SAT,DFW,44.0
SAT,DFW,43.0
SAT,DFW,45.0
SAT,DFW,38.0
SAT,DFW,41.0
SAT,DFW,41.0
SAT,DFW,41.0
SAT,DFW,42.0
SAT,DFW,42.0
SAT,DFW,41.0
ORD,STL,43.0
ORD,STL,42.0
ORD,STL,41.0
ORD,STL,45.0
ORD,STL,45.0
ORD,STL,50.0
ORD,STL,49.0
ORD,STL,45.0
ORD,STL,46.0
ORD,STL,42.0
ORD,STL,46.0
ORD,STL,46.0
ORD,STL,52.0
ORD,STL,44.0
ORD,STL,46.0
ORD,STL,48.0
ORD,STL,47.0
ORD,STL,43.0
ORD,STL,44.0
ORD,STL,45.0
ORD,STL,49.0
ORD,STL,40.0
ORD,STL,47.0
ORD,STL,43.0
ORD,STL,49.0
STL,DFW,91.0
STL,DFW,86.0
STL,DFW,73.0
STL,DFW,84.0
STL,DFW,82.0
STL,DFW,86.0
STL,DFW,84.0
STL,DFW,85.0
STL,DFW,90.0
STL,DFW,85.0
STL,DFW,83.0
STL,DFW,79.0
STL,DFW,84.0
STL,DFW,82.0
STL,DFW,89.0
STL,DFW,91.0
STL,DFW,88.0
STL,DFW,75.0
STL,DFW,92.0
STL,DFW,86.0
STL,DFW,96.0
STL,DFW,78.0
STL,DFW,73.0
STL,DFW,84.0
STL,DFW,94.0
STL,DFW,93.0
STL,DFW,73.0
STL,DFW,77.0
STL,DFW,82.0
STL,DFW,80.0
STL,DFW,83.0
LGA,ORD,114.0
LGA,ORD,114.0
LGA,ORD,116.0
LGA,ORD,107.0
LGA,ORD,108.0
LGA,ORD,113.0
LGA,ORD,117.0
LGA,ORD,110.0
LGA,ORD,111.0
LGA,ORD,111.0
LGA,ORD,126.0
LGA,ORD,116.0
LGA,ORD,118.0
LGA,ORD,127.0
LGA,ORD,111.0
LGA,ORD,128.0
LGA,ORD,117.0
LGA,ORD,112.0
LGA,ORD,116.0
LGA,ORD,112.0
LGA,ORD,113.0
LGA,ORD,118.0
LGA,ORD,118.0
LGA,ORD,123.0
LGA,ORD,115.0
LGA,ORD,107.0
LGA,ORD,116.0
LGA,ORD,115.0
LGA,ORD,120.0
DFW,MIA,129.0
LAS,ORD,184.0
LAS,ORD,177.0
LAS,ORD,180.0
LAS,ORD,185.0
LAS,ORD,189.0
LAS,ORD,178.0
LAS,ORD,184.0
LAS,ORD,185.0
LAS,ORD,176.0
LAS,ORD,182.0
LAS,ORD,179.0
LAS,ORD,173.0
LAS,ORD,196.0
LAS,ORD,186.0
LAS,ORD,178.0
ORD,SFO,248.0
DFW,DEN,97.0
DFW,DEN,98.0
DFW,DEN,95.0
DFW,DEN,92.0
DFW,DEN,94.0
DFW,DEN,89.0
DFW,DEN,90.0
DFW,DEN,88.0
DFW,DEN,103.0
DFW,DEN,94.0
DFW,DEN,103.0
DFW,DEN,91.0
DFW,DEN,108.0
DFW,DEN,102.0
DFW,DEN,97.0
DFW,DEN,99.0
DFW,DEN,103.0
DFW,DEN,92.0
DFW,DEN,107.0
DFW,DEN,101.0
DFW,DEN,95.0
DFW,DEN,92.0
DFW,DEN,93.0
DFW,DEN,99.0
DFW,DEN,89.0
DFW,DEN,98.0
DFW,DEN,94.0
MCI,DFW,80.0
MCI,DFW,77.0
MCI,DFW,72.0
MCI,DFW,78.0
MCI,DFW,79.0
MCI,DFW,79.0
MCI,DFW,78.0
MCI,DFW,94.0
MCI,DFW,73.0
MCI,DFW,70.0
MCI,DFW,74.0
MCI,DFW,76.0
MCI,DFW,69.0
MCI,DFW,78.0
MCI,DFW,74.0
MCI,DFW,63.0
MCI,DFW,81.0
MCI,DFW,79.0
MCI,DFW,84.0
MCI,DFW,73.0
MCI,DFW,73.0
MCI,DFW,77.0
MCI,DFW,77.0
MCI,DFW,82.0
MCI,DFW,65.0
MCI,DFW,68.0
MCI,DFW,74.0
MCI,DFW,65.0
MCI,DFW,70.0
DFW,GUC,101.0
DFW,GUC,102.0
DFW,GUC,106.0
DFW,GUC,101.0
DFW,GUC,99.0
DFW,GUC,102.0
DFW,GUC,97.0
DFW,GUC,97.0
DFW,GUC,107.0
DFW,GUC,100.0
DFW,GUC,101.0
DFW,GUC,109.0
DFW,GUC,103.0
DFW,GUC,102.0
DFW,GUC,106.0
DFW,GUC,105.0
DFW,GUC,98.0
DFW,GUC,105.0
DFW,GUC,107.0
DFW,GUC,104.0
DFW,GUC,109.0
DFW,GUC,101.0
DFW,GUC,93.0
DFW,GUC,95.0
DFW,GUC,109.0
DFW,GUC,102.0
DFW,GUC,136.0
DFW,IND,89.0
GUC,DFW,84.0
GUC,DFW,94.0
GUC,DFW,92.0
GUC,DFW,99.0
GUC,DFW,91.0
GUC,DFW,89.0
GUC,DFW,84.0
GUC,DFW,85.0
GUC,DFW,89.0
GUC,DFW,88.0
GUC,DFW,88.0
GUC,DFW,91.0
GUC,DFW,86.0
GUC,DFW,89.0
GUC,DFW,82.0
GUC,DFW,86.0
GUC,DFW,91.0
GUC,DFW,92.0
GUC,DFW,81.0
GUC,DFW,93.0
GUC,DFW,90.0
GUC,DFW,88.0
GUC,DFW,91.0
GUC,DFW,95.0
GUC,DFW,86.0
GUC,DFW,88.0
GUC,DFW,83.0
IND,DFW,112.0
ORD,LGA,98.0
ORD,LGA,90.0
ORD,LGA,102.0
ORD,LGA,100.0
ORD,LGA,97.0
ORD,LGA,100.0
ORD,LGA,103.0
ORD,LGA,98.0
ORD,LGA,90.0
ORD,LGA,97.0
ORD,LGA,96.0
ORD,LGA,98.0
ORD,LGA,101.0
ORD,LGA,109.0
ORD,LGA,97.0
ORD,LGA,104.0
ORD,LGA,94.0
ORD,LGA,95.0
ORD,LGA,96.0
ORD,LGA,100.0
ORD,LGA,92.0
ORD,LGA,95.0
ORD,LGA,95.0
ORD,LGA,103.0
ORD,LGA,100.0
ORD,LGA,92.0
ORD,LGA,103.0
ORD,LGA,94.0
ORD,LGA,104.0
ORD,LGA,100.0
ORD,LGA,98.0
ORD,LGA,94.0
ORD,LGA,100.0
ORD,LGA,98.0
ORD,LGA,95.0
ORD,LGA,100.0
ORD,LGA,96.0
ORD,LGA,103.0
ORD,LGA,104.0
ORD,LGA,97.0
ORD,LGA,95.0
ORD,LGA,95.0
ORD,LGA,100.0
ORD,LGA,100.0
ORD,LGA,97.0
ORD,LGA,98.0
ORD,LGA,95.0
ORD,LGA,96.0
ORD,LGA,103.0
ORD,LGA,100.0
ORD,BOS,104.0
ORD,BOS,103.0
ORD,BOS,103.0
ORD,BOS,112.0
ORD,BOS,107.0
ORD,BOS,106.0
ORD,BOS,104.0
ORD,BOS,109.0
ORD,BOS,109.0
ORD,BOS,102.0
ORD,BOS,102.0
ORD,BOS,105.0
ORD,BOS,105.0
ORD,BOS,101.0
ORD,BOS,113.0
ORD,BOS,100.0
ORD,BOS,104.0
ORD,BOS,108.0
ORD,BOS,107.0
ORD,BOS,108.0
ORD,BOS,106.0
ORD,BOS,104.0
ORD,BOS,119.0
ORD,BOS,105.0
ORD,BOS,103.0
ORD,BOS,106.0
ORD,BOS,107.0
ORD,BOS,104.0
ORD,BOS,111.0
ORD,BOS,105.0
ORD,BOS,98.0
DFW,GUC,110.0
DFW,GUC,107.0
DFW,GUC,106.0
DFW,GUC,96.0
GUC,DFW,92.0
GUC,DFW,90.0
GUC,DFW,88.0
GUC,DFW,93.0
MIA,EWR,133.0
MIA,EWR,138.0
MIA,EWR,145.0
MIA,EWR,133.0
MIA,EWR,142.0
MIA,EWR,134.0
MIA,EWR,134.0
MIA,EWR,142.0
MIA,EWR,137.0
MIA,EWR,146.0
MIA,EWR,135.0
MIA,EWR,135.0
MIA,EWR,131.0
MIA,EWR,141.0
MIA,EWR,148.0
MIA,EWR,140.0
MIA,EWR,137.0
MIA,EWR,139.0
MIA,EWR,138.0
MIA,EWR,130.0
MIA,EWR,162.0
MIA,EWR,145.0
MIA,EWR,140.0
ORD,LGA,97.0
ORD,LGA,95.0
ORD,LGA,91.0
ORD,LGA,94.0
ORD,LGA,106.0
ORD,LGA,100.0
ORD,LGA,95.0
ORD,LGA,99.0
ORD,LGA,96.0
ORD,LGA,126.0
ORD,LGA,99.0
ORD,LGA,96.0
ORD,LGA,95.0
ORD,LGA,92.0
ORD,LGA,101.0
ORD,LGA,97.0
ORD,LGA,91.0
ORD,LGA,99.0
ORD,LGA,104.0
ORD,LGA,94.0
ORD,LGA,92.0
ORD,LGA,99.0
ORD,LGA,94.0
ORD,LGA,92.0
ORD,LGA,96.0
ORD,LGA,96.0
ORD,LGA,100.0
ORD,LGA,93.0
ORD,LGA,96.0
SJC,ORD,215.0
SJC,ORD,221.0
SJC,ORD,229.0
SJC,ORD,231.0
DFW,MCO,116.0
DFW,MCO,124.0
DFW,MCO,120.0
DFW,MCO,120.0
DFW,MCO,122.0
DFW,MCO,124.0
DFW,MCO,120.0
DFW,MCO,122.0
DFW,MCO,111.0
DFW,MCO,117.0
DFW,MCO,121.0
DFW,MCO,117.0
DFW,MCO,119.0
DFW,MCO,122.0
DFW,MCO,112.0
DFW,MCO,119.0
DFW,MCO,116.0
DFW,MCO,123.0
DFW,MCO,122.0
DFW,MCO,117.0
DFW,MCO,128.0
DFW,MCO,116.0
DFW,MCO,119.0
DFW,MCO,118.0
DFW,MCO,114.0
DFW,MCO,119.0
DFW,MCO,131.0
DFW,MCO,123.0
DFW,MCO,117.0
DFW,MCO,121.0
DFW,MCO,120.0
MCO,DFW,144.0
MCO,DFW,150.0
MCO,DFW,151.0
MCO,DFW,151.0
MCO,DFW,141.0
MCO,DFW,147.0
MCO,DFW,150.0
MCO,DFW,159.0
MCO,DFW,158.0
MCO,DFW,155.0
MCO,DFW,157.0
MCO,DFW,153.0
MCO,DFW,158.0
MCO,DFW,144.0
MCO,DFW,151.0
MCO,DFW,158.0
MCO,DFW,149.0
MCO,DFW,147.0
MCO,DFW,150.0
MCO,DFW,146.0
MCO,DFW,167.0
MCO,DFW,147.0
MCO,DFW,157.0
MCO,DFW,148.0
MCO,DFW,162.0
MCO,DFW,141.0
MCO,DFW,152.0
MCO,DFW,143.0
MCO,DFW,150.0
MCO,DFW,150.0
MCO,DFW,143.0
DFW,PHX,133.0
DFW,PHX,132.0
DFW,PHX,135.0
DFW,PHX,126.0
DFW,PHX,135.0
DFW,PHX,124.0
DFW,PHX,150.0
DFW,PHX,123.0
DFW,PHX,132.0
DFW,PHX,136.0
DFW,PHX,126.0
DFW,PHX,119.0
DFW,PHX,122.0
DFW,PHX,123.0
DFW,PHX,132.0
DFW,PHX,128.0
DFW,PHX,135.0
DFW,PHX,125.0
DFW,PHX,135.0
DFW,PHX,134.0
DFW,PHX,131.0
DFW,PHX,131.0
DFW,PHX,128.0
DFW,PHX,129.0
DFW,PHX,137.0
DFW,PHX,126.0
DFW,PHX,120.0
DFW,PHX,125.0
DFW,PHX,125.0
DFW,PHX,126.0
DFW,PHX,141.0
PHX,MIA,210.0
PHX,MIA,217.0
PHX,MIA,201.0
PHX,MIA,223.0
PHX,MIA,227.0
PHX,MIA,217.0
PHX,MIA,205.0
PHX,MIA,206.0
PHX,MIA,221.0
PHX,MIA,216.0
PHX,MIA,215.0
PHX,MIA,221.0
PHX,MIA,220.0
PHX,MIA,217.0
PHX,MIA,208.0
PHX,MIA,214.0
PHX,MIA,222.0
PHX,MIA,229.0
PHX,MIA,207.0
PHX,MIA,217.0
PHX,MIA,234.0
PHX,MIA,220.0
PHX,MIA,222.0
PHX,MIA,197.0
PHX,MIA,214.0
PHX,MIA,234.0
PHX,MIA,232.0
PHX,MIA,214.0
PHX,MIA,230.0
PHX,MIA,207.0
LGA,ORD,108.0
LGA,ORD,111.0
LGA,ORD,113.0
LGA,ORD,111.0
LGA,ORD,111.0
LGA,ORD,114.0
LGA,ORD,115.0
LGA,ORD,114.0
LGA,ORD,120.0
LGA,ORD,111.0
LGA,ORD,111.0
LGA,ORD,114.0
LGA,ORD,111.0
LGA,ORD,115.0
LGA,ORD,115.0
LGA,ORD,116.0
LGA,ORD,112.0
LGA,ORD,114.0
LGA,ORD,108.0
LGA,ORD,121.0
LGA,ORD,118.0
SFO,LAX,55.0
SFO,LAX,58.0
SFO,LAX,54.0
SFO,LAX,52.0
DEN,DFW,88.0
DEN,DFW,83.0
DEN,DFW,84.0
DEN,DFW,87.0
DEN,DFW,92.0
DEN,DFW,92.0
DEN,DFW,91.0
DEN,DFW,93.0
DEN,DFW,93.0
DEN,DFW,88.0
DEN,DFW,80.0
DEN,DFW,89.0
DEN,DFW,86.0
DEN,DFW,90.0
DEN,DFW,85.0
DEN,DFW,85.0
DEN,DFW,82.0
DEN,DFW,86.0
DEN,DFW,87.0
DEN,DFW,87.0
DEN,DFW,89.0
DEN,DFW,84.0
DEN,DFW,83.0
DEN,DFW,90.0
DEN,DFW,89.0
DEN,DFW,90.0
DEN,DFW,86.0
DEN,DFW,87.0
DEN,DFW,87.0
DEN,DFW,87.0
DEN,DFW,86.0
DFW,DEN,96.0
DFW,DEN,102.0
DFW,DEN,96.0
DFW,DEN,98.0
DFW,DEN,94.0
DFW,DEN,97.0
DFW,DEN,93.0
DFW,DEN,93.0
DFW,DEN,89.0
DFW,DEN,96.0
DFW,DEN,99.0
MIA,STT,139.0
MIA,STT,139.0
MIA,STT,130.0
MIA,STT,129.0
MIA,STT,128.0
MIA,STT,126.0
MIA,STT,131.0
MIA,STT,134.0
MIA,STT,132.0
MIA,STT,123.0
MIA,STT,123.0
MIA,STT,131.0
MIA,STT,139.0
MIA,STT,138.0
MIA,STT,135.0
MIA,STT,120.0
MIA,STT,123.0
MIA,STT,130.0
MIA,STT,131.0
MIA,STT,142.0
MIA,STT,133.0
STT,MIA,141.0
STT,MIA,147.0
STT,MIA,156.0
STT,MIA,149.0
STT,MIA,141.0
STT,MIA,149.0
STT,MIA,160.0
STT,MIA,157.0
STT,MIA,152.0
STT,MIA,149.0
STT,MIA,148.0
STT,MIA,145.0
STT,MIA,157.0
STT,MIA,151.0
STT,MIA,173.0
STT,MIA,147.0
STT,MIA,150.0
STT,MIA,146.0
STT,MIA,154.0
STT,MIA,157.0
STT,MIA,158.0
STT,MIA,165.0
STT,MIA,163.0
STT,MIA,145.0
STT,MIA,160.0
STT,MIA,153.0
STT,MIA,150.0
STT,MIA,168.0
STT,MIA,143.0
STT,MIA,146.0
STT,MIA,157.0
DFW,TUS,120.0
DFW,TUS,123.0
DFW,TUS,139.0
DFW,TUS,125.0
DFW,TUS,114.0
DFW,TUS,122.0
DFW,TUS,110.0
DFW,TUS,110.0
DFW,TUS,100.0
DFW,TUS,115.0
DFW,TUS,124.0
DFW,TUS,120.0
DFW,TUS,118.0
DFW,TUS,118.0
DFW,TUS,116.0
DFW,TUS,130.0
DFW,TUS,115.0
DFW,TUS,114.0
DFW,TUS,115.0
DFW,TUS,118.0
DFW,TUS,126.0
DFW,TUS,108.0
DFW,TUS,107.0
DFW,TUS,111.0
DFW,TUS,115.0
DFW,TUS,114.0
DFW,TUS,132.0
ORD,DFW,109.0
DFW,EWR,161.0
DFW,EWR,160.0
DFW,EWR,167.0
DFW,EWR,170.0
DFW,EWR,168.0
DFW,EWR,169.0
DFW,EWR,165.0
DFW,EWR,161.0
DFW,EWR,168.0
DFW,EWR,167.0
DFW,EWR,173.0
DFW,EWR,158.0
DFW,EWR,152.0
DFW,EWR,162.0
DFW,EWR,169.0
DFW,EWR,160.0
DFW,EWR,177.0
DFW,EWR,162.0
DFW,EWR,156.0
DFW,EWR,156.0
DFW,EWR,165.0
DFW,EWR,171.0
DFW,EWR,172.0
DFW,EWR,168.0
RDU,MIA,107.0
RDU,MIA,105.0
RDU,MIA,131.0
RDU,MIA,101.0
RDU,MIA,111.0
RDU,MIA,108.0
RDU,MIA,107.0
RDU,MIA,119.0
RDU,MIA,116.0
RDU,MIA,109.0
RDU,MIA,144.0
RDU,MIA,111.0
RDU,MIA,111.0
RDU,MIA,109.0
RDU,MIA,98.0
RDU,MIA,97.0
RDU,MIA,100.0
RDU,MIA,99.0
RDU,MIA,119.0
RDU,MIA,119.0
RDU,MIA,105.0
RDU,MIA,105.0
RDU,MIA,106.0
MIA,RDU,97.0
MIA,RDU,100.0
MIA,RDU,93.0
MIA,RDU,94.0
MIA,RDU,88.0
MIA,RDU,90.0
MIA,RDU,95.0
MIA,RDU,91.0
MIA,RDU,96.0
MIA,RDU,94.0
MIA,RDU,90.0
MIA,RDU,95.0
MIA,RDU,98.0
MIA,RDU,99.0
MIA,RDU,92.0
MIA,RDU,90.0
MIA,RDU,86.0
MIA,RDU,90.0
MIA,RDU,98.0
MIA,RDU,100.0
MIA,RDU,103.0
MIA,RDU,100.0
MIA,RDU,100.0
MIA,RDU,97.0
MIA,RDU,88.0
MIA,RDU,92.0
MIA,RDU,100.0
MIA,RDU,91.0
MIA,RDU,101.0
LAX,MIA,243.0
LAX,MIA,241.0
LAX,MIA,238.0
LAX,MIA,245.0
MIA,EWR,142.0
MIA,EWR,133.0
MIA,EWR,142.0
MIA,EWR,147.0
MIA,DFW,159.0
MIA,DFW,156.0
MIA,DFW,163.0
MIA,DFW,149.0
MIA,DFW,160.0
MIA,DFW,160.0
MIA,DFW,157.0
MIA,DFW,171.0
MIA,DFW,169.0
MIA,DFW,167.0
MIA,DFW,160.0
MIA,DFW,161.0
MIA,DFW,167.0
MIA,DFW,162.0
MIA,DFW,158.0
MIA,DFW,166.0
MIA,DFW,159.0
MIA,DFW,159.0
MIA,DFW,167.0
MIA,DFW,168.0
MIA,DFW,189.0
MIA,DFW,159.0
MIA,DFW,158.0
MIA,DFW,155.0
MIA,DFW,154.0
MIA,DFW,160.0
MIA,DFW,162.0
MIA,DFW,158.0
MIA,DFW,161.0
MIA,DFW,165.0
MIA,DFW,155.0
DFW,MCI,71.0
DFW,MCI,71.0
DFW,MCI,65.0
DFW,MCI,65.0
DFW,MCI,65.0
DFW,MCI,68.0
DFW,MCI,71.0
DFW,MCI,69.0
DFW,MCI,61.0
DFW,MCI,68.0
DFW,MCI,65.0
DFW,MCI,67.0
DFW,MCI,78.0
DFW,MCI,64.0
DFW,MCI,67.0
DFW,MCI,65.0
DFW,MCI,76.0
DFW,MCI,75.0
DFW,MCI,66.0
DFW,MCI,67.0
DFW,MCI,61.0
DFW,MCI,71.0
DFW,MCI,72.0
DFW,MCI,70.0
DFW,MCI,70.0
DFW,MCI,68.0
MCI,DFW,73.0
MCI,DFW,79.0
MCI,DFW,76.0
MCI,DFW,82.0
MCI,DFW,76.0
MCI,DFW,71.0
MCI,DFW,71.0
MCI,DFW,68.0
MCI,DFW,73.0
MCI,DFW,76.0
MCI,DFW,77.0
MCI,DFW,77.0
MCI,DFW,67.0
MCI,DFW,82.0
MCI,DFW,77.0
MCI,DFW,80.0
MCI,DFW,69.0
MCI,DFW,66.0
MCI,DFW,74.0
MCI,DFW,78.0
MCI,DFW,75.0
MCI,DFW,70.0
MCI,DFW,69.0
MCI,DFW,75.0
MCI,DFW,71.0
MCI,DFW,77.0
SAN,DFW,138.0
ELP,DFW,70.0
ELP,DFW,72.0
ELP,DFW,72.0
ELP,DFW,72.0
ELP,DFW,77.0
ELP,DFW,70.0
ELP,DFW,69.0
ELP,DFW,74.0
ELP,DFW,79.0
ELP,DFW,78.0
ELP,DFW,76.0
ELP,DFW,72.0
ELP,DFW,71.0
ELP,DFW,72.0
ELP,DFW,79.0
ELP,DFW,80.0
ELP,DFW,72.0
ELP,DFW,78.0
LAS,ORD,187.0
LAS,ORD,179.0
LAS,ORD,183.0
LAS,ORD,176.0
LAS,ORD,187.0
LAS,ORD,176.0
LAS,ORD,178.0
LAS,ORD,188.0
LAS,ORD,188.0
LAS,ORD,185.0
LAS,ORD,171.0
LAS,ORD,180.0
LAS,ORD,180.0
LAS,ORD,203.0
LAS,ORD,181.0
LAS,ORD,190.0
LAS,ORD,181.0
LAS,ORD,173.0
LAS,ORD,165.0
ORD,SNA,230.0
ORD,SNA,231.0
ORD,SNA,239.0
ORD,SNA,230.0
SNA,ORD,205.0
SNA,ORD,207.0
SNA,ORD,208.0
SNA,ORD,205.0
SNA,ORD,201.0
SNA,ORD,200.0
SNA,ORD,210.0
SNA,ORD,210.0
SNA,ORD,215.0
SNA,ORD,225.0
SNA,ORD,214.0
SNA,ORD,221.0
SNA,ORD,203.0
SNA,ORD,205.0
SNA,ORD,218.0
SNA,ORD,206.0
SNA,ORD,213.0
SNA,ORD,204.0
SNA,ORD,209.0
SNA,ORD,221.0
SNA,ORD,228.0
SNA,ORD,205.0
SNA,ORD,207.0
SNA,ORD,199.0
SNA,ORD,228.0
SNA,ORD,216.0
SNA,ORD,230.0
SNA,ORD,212.0
SNA,ORD,209.0
SNA,ORD,183.0
PHL,DFW,194.0
PHL,DFW,198.0
PHL,DFW,184.0
PHL,DFW,176.0
PHL,DFW,183.0
PHL,DFW,189.0
PHL,DFW,196.0
PHL,DFW,196.0
PHL,DFW,199.0
PHL,DFW,194.0
PHL,DFW,187.0
PHL,DFW,184.0
PHL,DFW,195.0
PHL,DFW,202.0
PHL,DFW,181.0
PHL,DFW,200.0
PHL,DFW,185.0
PHL,DFW,205.0
PHL,DFW,188.0
PHL,DFW,202.0
PHL,DFW,211.0
PHL,DFW,189.0
PHL,DFW,191.0
PHL,DFW,177.0
PHL,DFW,193.0
ATL,DFW,111.0
ATL,DFW,121.0
ATL,DFW,109.0
ATL,DFW,112.0
ATL,DFW,109.0
ATL,DFW,120.0
ATL,DFW,114.0
ATL,DFW,128.0
ATL,DFW,124.0
ATL,DFW,127.0
ATL,DFW,113.0
ATL,DFW,108.0
ATL,DFW,117.0
ATL,DFW,124.0
ATL,DFW,108.0
ATL,DFW,119.0
ATL,DFW,121.0
ATL,DFW,114.0
ATL,DFW,119.0
ATL,DFW,122.0
ATL,DFW,128.0
ATL,DFW,110.0
ATL,DFW,104.0
ATL,DFW,117.0
ATL,DFW,123.0
ATL,DFW,120.0
ATL,DFW,115.0
ATL,DFW,106.0
ATL,DFW,113.0
ATL,DFW,105.0
ATL,DFW,111.0
DFW,ATL,89.0
DFW,ATL,91.0
DFW,ATL,97.0
DFW,ATL,91.0
DFW,ATL,99.0
DFW,ATL,93.0
DFW,ATL,88.0
DFW,ATL,88.0
DFW,ATL,90.0
DFW,ATL,96.0
DFW,ATL,90.0
DFW,ATL,101.0
DFW,ATL,93.0
DFW,ATL,102.0
DFW,ATL,93.0
DFW,ATL,96.0
DFW,ATL,88.0
DFW,ATL,100.0
DFW,ATL,102.0
DFW,ATL,89.0
DFW,ATL,98.0
DFW,ATL,91.0
DFW,ATL,101.0
DFW,ATL,104.0
DFW,ATL,84.0
DFW,ATL,96.0
DFW,ATL,94.0
DFW,ATL,100.0
DFW,ATL,92.0
DFW,ATL,97.0
DFW,ATL,90.0
ORD,MIA,157.0
ORD,MIA,152.0
ORD,MIA,149.0
ORD,MIA,154.0
ORD,MIA,149.0
ORD,MIA,153.0
ORD,MIA,153.0
ORD,MIA,156.0
ORD,MIA,158.0
ORD,MIA,157.0
ORD,MIA,157.0
ORD,MIA,157.0
ORD,MIA,154.0
ORD,MIA,174.0
ORD,MIA,178.0
ORD,MIA,196.0
ORD,MIA,160.0
ORD,MIA,149.0
ORD,MIA,158.0
ORD,MIA,159.0
ORD,MIA,188.0
ORD,MIA,149.0
ORD,MIA,146.0
ORD,MIA,148.0
ORD,MIA,155.0
ORD,MIA,163.0
ORD,MIA,181.0
ORD,MIA,157.0
ORD,MIA,153.0
ORD,MIA,157.0
MIA,ORD,159.0
MIA,ORD,167.0
MIA,ORD,166.0
MIA,ORD,161.0
MIA,ORD,153.0
MIA,ORD,158.0
MIA,ORD,148.0
MIA,ORD,146.0
MIA,ORD,157.0
MIA,ORD,153.0
MIA,ORD,160.0
MIA,ORD,165.0
MIA,ORD,157.0
MIA,ORD,155.0
MIA,ORD,170.0
MIA,ORD,167.0
MIA,ORD,154.0
MIA,ORD,158.0
MIA,ORD,162.0
JFK,BOS,37.0
JFK,BOS,42.0
JFK,BOS,44.0
JFK,BOS,38.0
MIA,IAD,114.0
MIA,IAD,117.0
MIA,IAD,123.0
MIA,IAD,125.0
MIA,IAD,125.0
MIA,IAD,111.0
MIA,IAD,110.0
MIA,IAD,120.0
MIA,IAD,115.0
MIA,IAD,122.0
MIA,IAD,111.0
MIA,IAD,115.0
MIA,IAD,116.0
MIA,IAD,115.0
MIA,IAD,122.0
MIA,IAD,126.0
MIA,IAD,114.0
MIA,IAD,126.0
MIA,IAD,118.0
MIA,IAD,111.0
MIA,IAD,113.0
MIA,IAD,131.0
MIA,IAD,125.0
MIA,IAD,120.0
BOS,DFW,220.0
BOS,DFW,223.0
BOS,DFW,230.0
BOS,DFW,242.0
BOS,DFW,237.0
BOS,DFW,239.0
BOS,DFW,239.0
BOS,DFW,232.0
BOS,DFW,233.0
BOS,DFW,236.0
BOS,DFW,237.0
BOS,DFW,245.0
BOS,DFW,248.0
BOS,DFW,222.0
BOS,DFW,226.0
BOS,DFW,225.0
BOS,DFW,240.0
BOS,DFW,226.0
BOS,DFW,204.0
BOS,DFW,221.0
BOS,DFW,240.0
BOS,DFW,264.0
BOS,DFW,218.0
BOS,DFW,227.0
BOS,DFW,217.0
BOS,DFW,224.0
BOS,DFW,239.0
LAS,JFK,254.0
LAS,JFK,257.0
LAS,JFK,260.0
LAS,JFK,274.0
DCA,MIA,138.0
DCA,MIA,123.0
DCA,MIA,149.0
DCA,MIA,135.0
DCA,MIA,148.0
DCA,MIA,139.0
DCA,MIA,133.0
DCA,MIA,134.0
DCA,MIA,139.0
DCA,MIA,149.0
DCA,MIA,146.0
DCA,MIA,146.0
DCA,MIA,153.0
DCA,MIA,140.0
DCA,MIA,160.0
DCA,MIA,153.0
DCA,MIA,143.0
DCA,MIA,148.0
DCA,MIA,143.0
DCA,MIA,133.0
DCA,MIA,137.0
DCA,MIA,133.0
DCA,MIA,158.0
DCA,MIA,175.0
DCA,MIA,130.0
DCA,MIA,136.0
DCA,MIA,132.0
MIA,DCA,118.0
MIA,DCA,118.0
MIA,DCA,118.0
MIA,DCA,120.0
MIA,DCA,126.0
MIA,DCA,128.0
MIA,DCA,123.0
MIA,DCA,116.0
MIA,DCA,121.0
MIA,DCA,112.0
MIA,DCA,108.0
MIA,DCA,122.0
MIA,DCA,116.0
MIA,DCA,129.0
MIA,DCA,120.0
MIA,DCA,110.0
MIA,DCA,114.0
MIA,DCA,112.0
MIA,DCA,130.0
MIA,DCA,117.0
MIA,DCA,119.0
MIA,DCA,124.0
MIA,DCA,120.0
MIA,DCA,117.0
MIA,DCA,139.0
MIA,DCA,128.0
MIA,DCA,128.0
DFW,MSP,110.0
DFW,MSP,111.0
DFW,MSP,116.0
DFW,MSP,119.0
DFW,MSP,115.0
DFW,MSP,114.0
DFW,MSP,110.0
DFW,MSP,106.0
DFW,MSP,108.0
DFW,MSP,114.0
DFW,MSP,126.0
DFW,MSP,116.0
DFW,MSP,123.0
DFW,MSP,107.0
DFW,MSP,109.0
DFW,MSP,125.0
DFW,MSP,120.0
DFW,MSP,118.0
DFW,MSP,117.0
DFW,MSP,111.0
DFW,MSP,113.0
DFW,MSP,127.0
DFW,MSP,123.0
DFW,MSP,111.0
DFW,MSP,107.0
DFW,MSP,116.0
DFW,MSP,123.0
DFW,MSP,125.0
DFW,MSP,117.0
DFW,MSP,107.0
DFW,MSP,110.0
LAX,DCA,248.0
LAX,DCA,255.0
LAX,DCA,262.0
LAX,DCA,276.0
LAX,DCA,263.0
LAX,DCA,266.0
LAX,DCA,265.0
LAX,DCA,264.0
LAX,DCA,268.0
LAX,DCA,273.0
LAX,DCA,266.0
LAX,DCA,273.0
LAX,DCA,277.0
LAX,DCA,271.0
LAX,DCA,260.0
LAX,DCA,272.0
LAX,DCA,268.0
MIA,ORD,153.0
MIA,ORD,169.0
MIA,ORD,166.0
MIA,ORD,172.0
MIA,ORD,161.0
MIA,ORD,158.0
MIA,ORD,155.0
MIA,ORD,164.0
MIA,ORD,165.0
MIA,ORD,164.0
DFW,SAT,48.0
DFW,SAT,51.0
DFW,SAT,48.0
DFW,SAT,47.0
DFW,SAT,43.0
DFW,SAT,46.0
DFW,SAT,46.0
DFW,SAT,54.0
DFW,SAT,47.0
DFW,SAT,48.0
DFW,SAT,48.0
DFW,SAT,42.0
DFW,SAT,44.0
DFW,SAT,46.0
DFW,SAT,42.0
DFW,SAT,51.0
DFW,SAT,44.0
DFW,SAT,43.0
DFW,SAT,44.0
DFW,SAT,51.0
DFW,SAT,50.0
DFW,SAT,43.0
DFW,SAT,39.0
DFW,SAT,46.0
DFW,SAT,47.0
DFW,SAT,49.0
DFW,SAT,51.0
DFW,SAT,44.0
DFW,SAT,44.0
DFW,SAT,44.0
DFW,SAT,42.0
SAT,DFW,40.0
SAT,DFW,39.0
SAT,DFW,38.0
SAT,DFW,41.0
SAT,DFW,42.0
SAT,DFW,44.0
SAT,DFW,47.0
SAT,DFW,43.0
SAT,DFW,50.0
SAT,DFW,43.0
SAT,DFW,45.0
SAT,DFW,43.0
SAT,DFW,48.0
SAT,DFW,44.0
SAT,DFW,39.0
SAT,DFW,44.0
SAT,DFW,39.0
SAT,DFW,46.0
SAT,DFW,44.0
SAT,DFW,39.0
SAT,DFW,47.0
SAT,DFW,43.0
SAT,DFW,44.0
SAT,DFW,44.0
SAT,DFW,42.0
SAT,DFW,40.0
SAT,DFW,42.0
SAT,DFW,44.0
SAT,DFW,47.0
SAT,DFW,43.0
SAT,DFW,41.0
MIA,SJU,126.0
MIA,SJU,125.0
MIA,SJU,126.0
MIA,SJU,128.0
MIA,SJU,131.0
MIA,SJU,121.0
MIA,SJU,115.0
MIA,SJU,116.0
MIA,SJU,123.0
MIA,SJU,125.0
MIA,SJU,124.0
MIA,SJU,121.0
MIA,SJU,119.0
MIA,SJU,121.0
MIA,SJU,126.0
MIA,SJU,122.0
MIA,SJU,126.0
MIA,SJU,127.0
MIA,SJU,127.0
MIA,SJU,118.0
MIA,SJU,119.0
MIA,SJU,119.0
MIA,SJU,121.0
MIA,SJU,123.0
MIA,SJU,115.0
MIA,SJU,118.0
MIA,SJU,126.0
MIA,SJU,122.0
MIA,SJU,125.0
MIA,SJU,125.0
MIA,SJU,120.0
DFW,AUS,32.0
DFW,AUS,35.0
DFW,AUS,39.0
DFW,AUS,36.0
DFW,AUS,40.0
DFW,AUS,39.0
DFW,AUS,38.0
DFW,AUS,32.0
DFW,AUS,33.0
DFW,AUS,35.0
DFW,AUS,41.0
DFW,AUS,39.0
DFW,AUS,33.0
DFW,AUS,36.0
DFW,AUS,36.0
DFW,AUS,46.0
DFW,AUS,48.0
DFW,AUS,37.0
DFW,AUS,39.0
DFW,AUS,33.0
DFW,AUS,35.0
DFW,AUS,43.0
DFW,AUS,42.0
DFW,AUS,29.0
DFW,AUS,34.0
DFW,AUS,34.0
DFW,AUS,34.0
LGA,ORD,134.0
LGA,ORD,113.0
LGA,ORD,123.0
LGA,ORD,115.0
DFW,SAT,50.0
DFW,SAT,54.0
DFW,SAT,42.0
DFW,SAT,47.0
DFW,SAT,44.0
DFW,SAT,44.0
DFW,SAT,47.0
DFW,SAT,51.0
DFW,SAT,51.0
DFW,SAT,46.0
DFW,SAT,45.0
DFW,SAT,42.0
DFW,SAT,40.0
DFW,SAT,45.0
DFW,SAT,47.0
DFW,SAT,52.0
DFW,SAT,42.0
DFW,SAT,42.0
DFW,SAT,46.0
DFW,SAT,53.0
DFW,SAT,50.0
DFW,SAT,45.0
DFW,SAT,45.0
DFW,SAT,42.0
DFW,SAT,49.0
DFW,SAT,50.0
DFW,SAT,48.0
DFW,SAT,44.0
DFW,SAT,44.0
DFW,SAT,40.0
DFW,SAT,44.0
SAT,DFW,42.0
SAT,DFW,39.0
SAT,DFW,39.0
SAT,DFW,41.0
SAT,DFW,44.0
SAT,DFW,44.0
SAT,DFW,41.0
SAT,DFW,43.0
SAT,DFW,45.0
SAT,DFW,41.0
SAT,DFW,42.0
SAT,DFW,44.0
SAT,DFW,43.0
SAT,DFW,41.0
SAT,DFW,42.0
SAT,DFW,40.0
SAT,DFW,41.0
SAT,DFW,42.0
SAT,DFW,44.0
SAT,DFW,42.0
SAT,DFW,46.0
SAT,DFW,42.0
SAT,DFW,43.0
SAT,DFW,45.0
SAT,DFW,39.0
SAT,DFW,40.0
SAT,DFW,42.0
SAT,DFW,42.0
SAT,DFW,42.0
SAT,DFW,43.0
SAT,DFW,41.0
DFW,LGA,152.0
DFW,LGA,170.0
DFW,LGA,176.0
DFW,LGA,162.0
STL,DFW,98.0
STL,DFW,79.0
STL,DFW,82.0
STL,DFW,79.0
STL,DFW,87.0
STL,DFW,104.0
STL,DFW,85.0
STL,DFW,81.0
STL,DFW,85.0
STL,DFW,78.0
STL,DFW,86.0
STL,DFW,82.0
STL,DFW,92.0
STL,DFW,85.0
STL,DFW,82.0
STL,DFW,89.0
STL,DFW,82.0
STL,DFW,90.0
STL,DFW,82.0
STL,DFW,84.0
STL,DFW,103.0
STL,DFW,100.0
STL,DFW,81.0
STL,DFW,78.0
STL,DFW,79.0
STL,DFW,89.0
DFW,STL,83.0
DFW,STL,78.0
DFW,STL,74.0
DFW,STL,75.0
DFW,STL,75.0
DFW,STL,86.0
DFW,STL,76.0
DFW,STL,78.0
DFW,STL,76.0
DFW,STL,84.0
DFW,STL,77.0
DFW,STL,75.0
DFW,STL,76.0
DFW,STL,87.0
DFW,STL,71.0
DFW,STL,70.0
DFW,STL,84.0
DFW,STL,95.0
DFW,STL,80.0
STL,DFW,87.0
STL,DFW,84.0
STL,DFW,77.0
STL,DFW,80.0
STL,DFW,79.0
STL,DFW,87.0
STL,DFW,90.0
STL,DFW,93.0
STL,DFW,86.0
STL,DFW,80.0
STL,DFW,74.0
STL,DFW,82.0
STL,DFW,81.0
STL,DFW,85.0
STL,DFW,90.0
STL,DFW,86.0
STL,DFW,82.0
STL,DFW,88.0
STL,DFW,92.0
STL,DFW,99.0
STL,DFW,80.0
STL,DFW,80.0
STL,DFW,82.0
STL,DFW,95.0
STL,DFW,93.0
STL,DFW,76.0
STL,DFW,77.0
STL,DFW,79.0
STL,DFW,79.0
STL,DFW,83.0
DCA,ORD,101.0
DCA,ORD,100.0
DCA,ORD,97.0
DCA,ORD,105.0
DCA,ORD,94.0
DCA,ORD,91.0
DCA,ORD,92.0
DCA,ORD,89.0
DCA,ORD,99.0
DCA,ORD,100.0
DCA,ORD,109.0
DCA,ORD,100.0
DCA,ORD,99.0
DCA,ORD,100.0
DCA,ORD,105.0
DCA,ORD,99.0
DCA,ORD,106.0
DCA,ORD,96.0
DCA,ORD,99.0
DCA,ORD,105.0
DCA,ORD,95.0
DCA,ORD,107.0
DCA,ORD,94.0
DCA,ORD,101.0
DCA,ORD,95.0
DCA,ORD,96.0
LGA,ORD,122.0
LGA,ORD,111.0
LGA,ORD,116.0
LGA,ORD,112.0
LGA,ORD,111.0
LGA,ORD,113.0
LGA,ORD,112.0
LGA,ORD,114.0
LGA,ORD,123.0
LGA,ORD,107.0
LGA,ORD,116.0
LGA,ORD,113.0
LGA,ORD,126.0
LGA,ORD,120.0
LGA,ORD,118.0
LGA,ORD,118.0
LGA,ORD,119.0
LGA,ORD,116.0
LGA,ORD,113.0
LGA,ORD,109.0
LGA,ORD,116.0
LGA,ORD,128.0
LGA,ORD,113.0
LGA,ORD,123.0
LGA,ORD,118.0
LGA,ORD,117.0
LGA,ORD,107.0
LGA,ORD,116.0
LGA,ORD,123.0
DFW,STL,70.0
DFW,STL,74.0
DFW,STL,77.0
DFW,STL,77.0
DFW,STL,75.0
DFW,STL,68.0
DFW,STL,76.0
DFW,STL,75.0
DFW,STL,79.0
DFW,STL,78.0
DFW,STL,76.0
DFW,STL,79.0
DFW,STL,76.0
DFW,STL,81.0
DFW,STL,75.0
DFW,STL,73.0
DFW,STL,76.0
DFW,STL,86.0
DFW,STL,70.0
DFW,STL,67.0
DFW,STL,69.0
DFW,STL,86.0
DFW,STL,85.0
DFW,STL,74.0
DFW,STL,69.0
DCA,DFW,185.0
DCA,DFW,182.0
DCA,DFW,177.0
DCA,DFW,168.0
DCA,DFW,160.0
DCA,DFW,177.0
DCA,DFW,172.0
DCA,DFW,185.0
DCA,DFW,191.0
DCA,DFW,176.0
DCA,DFW,175.0
DCA,DFW,174.0
DCA,DFW,181.0
DCA,DFW,173.0
DCA,DFW,176.0
DCA,DFW,205.0
DCA,DFW,185.0
DCA,DFW,172.0
DCA,DFW,189.0
DCA,DFW,183.0
DCA,DFW,193.0
DCA,DFW,163.0
DCA,DFW,192.0
DCA,DFW,170.0
DCA,DFW,171.0
DCA,DFW,168.0
DCA,DFW,170.0
DCA,DFW,175.0
DEN,ORD,122.0
DEN,ORD,119.0
DEN,ORD,116.0
DEN,ORD,118.0
DFW,FLL,127.0
DFW,FLL,153.0
DFW,FLL,136.0
DFW,FLL,140.0
DFW,FLL,136.0
DFW,FLL,131.0
DFW,FLL,124.0
DFW,FLL,133.0
DFW,FLL,134.0
DFW,FLL,134.0
DFW,FLL,135.0
DFW,FLL,131.0
DFW,FLL,136.0
DFW,FLL,131.0
DFW,FLL,135.0
DFW,FLL,146.0
DFW,FLL,136.0
DFW,FLL,138.0
DFW,FLL,127.0
DFW,FLL,127.0
DFW,FLL,140.0
DFW,FLL,130.0
DFW,FLL,135.0
DFW,FLL,132.0
DFW,FLL,127.0
DFW,FLL,132.0
DFW,FLL,141.0
DFW,FLL,141.0
DFW,FLL,132.0
DFW,FLL,130.0
DFW,FLL,132.0
ORD,DCA,75.0
ORD,DCA,80.0
ORD,DCA,74.0
ORD,DCA,82.0
ORD,DCA,92.0
ORD,DCA,83.0
ORD,DCA,91.0
ORD,DCA,90.0
ORD,DCA,80.0
ORD,DCA,79.0
ORD,DCA,76.0
ORD,DCA,83.0
ORD,DCA,75.0
ORD,DCA,90.0
ORD,DCA,80.0
ORD,DCA,79.0
ORD,DCA,79.0
ORD,DCA,92.0
ORD,DCA,84.0
ORD,DCA,85.0
ORD,DCA,80.0
ORD,DCA,77.0
ORD,DCA,84.0
ORD,DCA,80.0
ORD,DCA,84.0
ORD,DCA,79.0
LGA,ORD,120.0
LGA,ORD,121.0
LGA,ORD,113.0
LGA,ORD,109.0
LGA,ORD,113.0
LGA,ORD,112.0
LGA,ORD,112.0
LGA,ORD,117.0
LGA,ORD,116.0
LGA,ORD,116.0
LGA,ORD,130.0
LGA,ORD,125.0
LGA,ORD,112.0
LGA,ORD,117.0
LGA,ORD,113.0
LGA,ORD,117.0
LGA,ORD,110.0
LGA,ORD,112.0
LGA,ORD,123.0
LGA,ORD,114.0
LGA,ORD,122.0
LGA,ORD,115.0
LGA,ORD,112.0
LGA,ORD,105.0
LGA,ORD,121.0
LGA,ORD,119.0
LGA,ORD,115.0
LGA,ORD,122.0
LGA,ORD,113.0
ORD,PSP,220.0
ORD,PSP,223.0
ORD,PSP,228.0
ORD,PSP,218.0
ORD,PSP,215.0
ORD,PSP,212.0
ORD,PSP,218.0
ORD,PSP,210.0
BOS,JFK,39.0
BOS,JFK,45.0
BOS,JFK,45.0
BOS,JFK,42.0
BOS,JFK,56.0
BOS,JFK,58.0
BOS,JFK,49.0
BOS,JFK,51.0
BOS,JFK,45.0
BOS,JFK,48.0
BOS,JFK,43.0
BOS,JFK,42.0
BOS,JFK,46.0
BOS,JFK,46.0
BOS,JFK,44.0
BOS,JFK,43.0
BOS,JFK,42.0
BOS,JFK,41.0
BOS,JFK,48.0
BOS,JFK,48.0
BOS,JFK,51.0
BOS,JFK,46.0
BOS,JFK,41.0
BOS,JFK,48.0
CLT,DFW,161.0
CLT,DFW,155.0
CLT,DFW,133.0
CLT,DFW,141.0
CLT,DFW,133.0
CLT,DFW,131.0
CLT,DFW,139.0
CLT,DFW,149.0
CLT,DFW,158.0
CLT,DFW,152.0
CLT,DFW,143.0
CLT,DFW,144.0
CLT,DFW,140.0
CLT,DFW,144.0
CLT,DFW,155.0
CLT,DFW,147.0
CLT,DFW,145.0
CLT,DFW,148.0
CLT,DFW,144.0
CLT,DFW,164.0
CLT,DFW,137.0
CLT,DFW,145.0
CLT,DFW,147.0
CLT,DFW,137.0
CLT,DFW,139.0
CLT,DFW,136.0
CLT,DFW,134.0
CLT,DFW,137.0
DFW,SFO,205.0
DFW,SFO,200.0
DFW,SFO,198.0
JFK,CLT,104.0
JFK,CLT,89.0
JFK,CLT,96.0
JFK,CLT,94.0
JFK,CLT,92.0
JFK,CLT,92.0
JFK,CLT,87.0
JFK,CLT,97.0
JFK,CLT,92.0
JFK,CLT,96.0
JFK,CLT,99.0
JFK,CLT,93.0
JFK,CLT,97.0
JFK,CLT,85.0
JFK,CLT,101.0
JFK,CLT,98.0
JFK,CLT,118.0
JFK,CLT,104.0
JFK,CLT,100.0
JFK,CLT,85.0
JFK,CLT,94.0
JFK,CLT,86.0
JFK,CLT,99.0
JFK,CLT,100.0
JFK,CLT,92.0
JFK,CLT,92.0
JFK,CLT,85.0
LGA,ORD,115.0
LGA,ORD,117.0
LGA,ORD,114.0
LGA,ORD,121.0
LGA,ORD,116.0
LGA,ORD,111.0
DFW,LAX,178.0
DFW,RDU,133.0
DFW,RDU,136.0
DFW,RDU,131.0
DFW,RDU,122.0
DFW,RDU,121.0
DFW,RDU,123.0
DFW,RDU,124.0
DFW,RDU,133.0
DFW,RDU,125.0
DFW,RDU,139.0
DFW,RDU,136.0
DFW,RDU,125.0
DFW,RDU,128.0
DFW,RDU,126.0
DFW,RDU,128.0
DFW,RDU,132.0
DFW,RDU,127.0
DFW,RDU,136.0
DFW,RDU,127.0
DFW,RDU,131.0
DFW,RDU,137.0
DFW,RDU,139.0
DFW,RDU,134.0
DFW,RDU,133.0
DFW,RDU,132.0
BOS,LAX,359.0
BOS,LAX,355.0
BOS,LAX,367.0
BOS,LAX,325.0
BOS,LAX,349.0
BOS,LAX,362.0
BOS,LAX,348.0
BOS,LAX,338.0
BOS,LAX,353.0
BOS,LAX,340.0
BOS,LAX,345.0
BOS,LAX,356.0
BOS,LAX,376.0
BOS,LAX,377.0
BOS,LAX,366.0
BOS,LAX,349.0
BOS,LAX,349.0
BOS,LAX,364.0
BOS,LAX,365.0
BOS,LAX,349.0
BOS,LAX,335.0
BOS,LAX,351.0
BOS,LAX,356.0
BOS,LAX,361.0
BOS,LAX,345.0
BOS,LAX,338.0
BOS,LAX,348.0
BOS,LAX,343.0
BOS,LAX,346.0
BOS,LAX,375.0
BOS,LAX,386.0
LAS,ORD,174.0
LAS,ORD,173.0
LAS,ORD,184.0
LAS,ORD,181.0
LAS,ORD,178.0
LAS,ORD,176.0
LAS,ORD,192.0
LAS,ORD,189.0
LAS,ORD,186.0
LAS,ORD,200.0
LAS,ORD,183.0
LAS,ORD,197.0
LAS,ORD,184.0
LAS,ORD,182.0
LAS,ORD,189.0
LAS,ORD,180.0
LAS,ORD,186.0
LAS,ORD,182.0
LAS,ORD,185.0
LAS,ORD,186.0
LAS,ORD,200.0
LAS,ORD,180.0
LAS,ORD,181.0
LAS,ORD,180.0
LAS,ORD,197.0
LAS,ORD,195.0
LAS,ORD,199.0
LAS,ORD,185.0
LAS,ORD,176.0
LAS,ORD,170.0
ORD,MIA,155.0
ORD,MIA,148.0
ORD,MIA,148.0
ORD,MIA,154.0
ORD,MIA,152.0
ORD,MIA,157.0
ORD,MIA,155.0
ORD,MIA,153.0
ORD,MIA,151.0
ORD,MIA,155.0
ORD,MIA,156.0
ORD,MIA,146.0
ORD,MIA,150.0
ORD,MIA,154.0
ORD,MIA,155.0
ORD,MIA,153.0
ORD,MIA,154.0
ORD,MIA,156.0
ORD,MIA,148.0
ORD,MIA,155.0
ORD,MIA,175.0
ORD,MIA,151.0
ORD,MIA,136.0
ORD,MIA,154.0
ORD,MIA,165.0
ORD,MIA,154.0
ORD,MIA,164.0
ORD,MIA,150.0
ORD,MIA,144.0
ORD,MIA,156.0
DFW,ORD,105.0
DFW,ORD,102.0
DFW,ORD,113.0
DFW,ORD,113.0
DFW,ORD,110.0
DFW,ORD,102.0
DFW,ORD,104.0
DFW,ORD,107.0
DFW,ORD,107.0
DFW,ORD,109.0
DFW,ORD,111.0
DFW,ORD,115.0
DFW,ORD,111.0
DFW,ORD,104.0
DFW,ORD,105.0
DFW,ORD,106.0
DFW,ORD,105.0
DFW,ORD,114.0
DFW,ORD,100.0
DFW,ORD,101.0
DFW,ORD,131.0
DFW,ORD,113.0
DFW,ORD,105.0
DFW,ORD,98.0
DFW,ORD,103.0
DFW,ORD,122.0
DFW,ORD,116.0
DFW,ORD,106.0
DFW,ORD,105.0
DFW,ORD,99.0
ORD,LGA,97.0
ORD,LGA,96.0
ORD,LGA,94.0
ORD,LGA,95.0
ORD,LGA,101.0
ORD,LGA,91.0
ORD,LGA,90.0
ORD,LGA,95.0
ORD,LGA,94.0
ORD,LGA,96.0
ORD,LGA,89.0
ORD,LGA,97.0
ORD,LGA,113.0
ORD,LGA,93.0
ORD,LGA,96.0
ORD,LGA,96.0
ORD,LGA,95.0
ORD,LGA,93.0
ORD,LGA,98.0
ORD,LGA,103.0
ORD,LGA,91.0
SMF,DFW,178.0
LGA,ORD,133.0
LGA,ORD,119.0
LGA,ORD,117.0
LGA,ORD,118.0
LGA,ORD,110.0
LGA,ORD,112.0
LGA,ORD,117.0
LGA,ORD,109.0
LGA,ORD,117.0
LGA,ORD,114.0
LGA,ORD,120.0
LGA,ORD,119.0
LGA,ORD,122.0
LGA,ORD,129.0
LGA,ORD,124.0
LGA,ORD,117.0
LGA,ORD,116.0
LGA,ORD,116.0
LGA,ORD,115.0
LGA,ORD,109.0
LGA,ORD,116.0
LGA,ORD,122.0
LGA,ORD,118.0
LGA,ORD,127.0
LGA,ORD,115.0
LGA,ORD,112.0
LGA,ORD,109.0
LGA,ORD,113.0
LGA,ORD,128.0
LAX,LAS,41.0
LAX,LAS,43.0
LAX,LAS,37.0
LAX,LAS,43.0
LAX,LAS,48.0
LAX,LAS,44.0
LAX,LAS,44.0
LAX,LAS,49.0
LAX,LAS,43.0
LAX,LAS,43.0
LAX,LAS,43.0
LAX,LAS,41.0
LAX,LAS,41.0
LAX,LAS,43.0
LAX,LAS,43.0
LAX,LAS,42.0
LAX,LAS,42.0
LAX,LAS,40.0
LAX,LAS,42.0
LAX,LAS,41.0
LAX,LAS,40.0
LAX,LAS,44.0
LAX,LAS,42.0
LAX,LAS,48.0
LAX,LAS,44.0
LAX,LAS,43.0
LAX,LAS,40.0
LAX,LAS,38.0
LAX,LAS,48.0
LAX,LAS,49.0
DFW,MCI,62.0
DFW,MCI,71.0
DFW,MCI,67.0
DFW,MCI,63.0
DFW,MCI,68.0
DFW,MCI,69.0
DFW,MCI,66.0
DFW,MCI,65.0
DFW,MCI,68.0
DFW,MCI,65.0
DFW,MCI,68.0
DFW,MCI,70.0
DFW,MCI,75.0
DFW,MCI,68.0
DFW,MCI,66.0
DFW,MCI,64.0
DFW,MCI,68.0
DFW,MCI,76.0
DFW,MCI,67.0
DFW,MCI,64.0
DFW,MCI,64.0
DFW,MCI,76.0
DFW,MCI,77.0
DFW,MCI,67.0
DFW,MCI,66.0
DFW,MCI,63.0
DFW,MCI,72.0
DFW,MCI,72.0
DFW,MCI,67.0
DFW,MCI,71.0
DFW,MCI,63.0
MCI,DFW,79.0
MCI,DFW,71.0
MCI,DFW,82.0
MCI,DFW,76.0
MCI,DFW,75.0
MCI,DFW,76.0
MCI,DFW,73.0
MCI,DFW,77.0
MCI,DFW,77.0
MCI,DFW,79.0
MCI,DFW,66.0
MCI,DFW,69.0
MCI,DFW,68.0
MCI,DFW,75.0
MCI,DFW,78.0
MCI,DFW,81.0
MCI,DFW,80.0
MCI,DFW,67.0
MCI,DFW,74.0
MCI,DFW,74.0
MCI,DFW,80.0
MCI,DFW,69.0
MCI,DFW,67.0
MCI,DFW,73.0
MCI,DFW,86.0
MCI,DFW,87.0
MCI,DFW,69.0
MCI,DFW,72.0
MCI,DFW,71.0
MCI,DFW,75.0
MCI,DFW,82.0
MIA,MSY,105.0
MIA,MSY,98.0
MIA,MSY,97.0
MIA,MSY,103.0
MIA,MSY,111.0
MIA,MSY,108.0
MIA,MSY,107.0
MIA,MSY,121.0
MIA,MSY,102.0
MIA,MSY,121.0
MIA,MSY,103.0
MIA,MSY,107.0
MIA,MSY,94.0
MIA,MSY,110.0
MIA,MSY,134.0
MIA,MSY,118.0
MIA,MSY,104.0
MIA,MSY,101.0
MIA,MSY,114.0
MIA,MSY,116.0
MIA,MSY,109.0
MIA,MSY,106.0
MIA,MSY,105.0
MIA,MSY,103.0
MIA,MSY,111.0
ORD,MIA,142.0
ORD,MIA,157.0
ORD,MIA,161.0
ORD,MIA,153.0
ORD,MIA,163.0
ORD,MIA,152.0
ORD,MIA,149.0
ORD,MIA,157.0
ORD,MIA,161.0
ORD,MIA,152.0
ORD,MIA,154.0
ORD,MIA,149.0
ORD,MIA,162.0
ORD,MIA,161.0
ORD,MIA,167.0
ORD,MIA,154.0
ORD,MIA,158.0
ORD,MIA,154.0
ORD,MIA,144.0
ORD,MIA,153.0
ORD,MIA,157.0
ORD,MIA,149.0
ORD,MIA,151.0
ORD,MIA,160.0
ORD,MIA,163.0
ORD,MIA,158.0
ORD,MIA,156.0
ORD,MIA,154.0
LGA,ORD,119.0
LGA,ORD,117.0
LGA,ORD,119.0
LGA,ORD,114.0
LGA,ORD,109.0
LGA,ORD,116.0
LGA,ORD,118.0
LGA,ORD,108.0
LGA,ORD,114.0
LGA,ORD,112.0
LGA,ORD,122.0
LGA,ORD,115.0
LGA,ORD,121.0
LGA,ORD,127.0
LGA,ORD,119.0
LGA,ORD,114.0
LGA,ORD,118.0
LGA,ORD,115.0
LGA,ORD,117.0
LGA,ORD,109.0
LGA,ORD,117.0
LGA,ORD,121.0
LGA,ORD,116.0
LGA,ORD,123.0
LGA,ORD,124.0
LGA,ORD,109.0
LGA,ORD,107.0
LGA,ORD,113.0
LGA,ORD,123.0
ORD,PDX,220.0
ORD,PDX,237.0
ORD,PDX,233.0
ORD,PDX,228.0
PDX,ORD,221.0
PDX,ORD,204.0
PDX,ORD,214.0
PDX,ORD,212.0
LGA,ORD,119.0
LGA,ORD,119.0
LGA,ORD,111.0
LGA,ORD,108.0
LGA,ORD,116.0
LGA,ORD,115.0
LGA,ORD,112.0
LGA,ORD,110.0
LGA,ORD,137.0
LGA,ORD,120.0
LGA,ORD,120.0
LGA,ORD,130.0
LGA,ORD,118.0
LGA,ORD,114.0
LGA,ORD,114.0
LGA,ORD,118.0
LGA,ORD,111.0
SJU,MIA,145.0
SJU,MIA,150.0
SJU,MIA,149.0
AUS,DFW,36.0
AUS,DFW,36.0
AUS,DFW,35.0
AUS,DFW,36.0
AUS,DFW,36.0
AUS,DFW,40.0
AUS,DFW,41.0
AUS,DFW,37.0
AUS,DFW,39.0
AUS,DFW,39.0
AUS,DFW,36.0
AUS,DFW,37.0
AUS,DFW,37.0
AUS,DFW,41.0
AUS,DFW,39.0
AUS,DFW,34.0
AUS,DFW,40.0
AUS,DFW,37.0
AUS,DFW,46.0
AUS,DFW,36.0
AUS,DFW,39.0
AUS,DFW,47.0
AUS,DFW,39.0
AUS,DFW,41.0
AUS,DFW,38.0
AUS,DFW,34.0
AUS,DFW,38.0
AUS,DFW,42.0
AUS,DFW,38.0
AUS,DFW,40.0
AUS,DFW,41.0
MIA,ORD,166.0
MIA,ORD,165.0
MIA,ORD,162.0
MIA,ORD,175.0
MIA,ORD,173.0
MIA,ORD,166.0
MIA,ORD,163.0
MIA,ORD,149.0
MIA,ORD,163.0
MIA,ORD,164.0
MIA,ORD,157.0
MIA,ORD,165.0
MIA,ORD,172.0
MIA,ORD,165.0
MIA,ORD,156.0
MIA,ORD,163.0
MIA,ORD,172.0
MIA,ORD,160.0
MIA,ORD,166.0
MIA,ORD,167.0
MIA,ORD,153.0
MIA,ORD,178.0
MIA,ORD,163.0
MIA,ORD,162.0
ORD,PHX,197.0
ORD,PHX,196.0
ORD,PHX,209.0
ORD,PHX,188.0
ORD,PHX,193.0
ORD,PHX,187.0
ORD,PHX,195.0
ORD,PHX,207.0
ORD,PHX,189.0
ORD,PHX,200.0
ORD,PHX,201.0
ORD,PHX,196.0
ORD,PHX,186.0
ORD,PHX,201.0
ORD,PHX,203.0
ORD,PHX,194.0
ORD,PHX,182.0
ORD,PHX,187.0
ORD,PHX,202.0
ORD,PHX,203.0
ORD,PHX,186.0
ORD,PHX,180.0
ORD,PHX,191.0
ORD,PHX,178.0
ORD,PHX,195.0
ORD,PHX,216.0
ORD,PHX,221.0
PHX,STL,147.0
PHX,STL,144.0
PHX,STL,146.0
PHX,STL,156.0
PHX,STL,155.0
PHX,STL,150.0
PHX,STL,167.0
PHX,STL,150.0
PHX,STL,154.0
PHX,STL,153.0
PHX,STL,153.0
PHX,STL,149.0
PHX,STL,163.0
PHX,STL,145.0
PHX,STL,157.0
PHX,STL,153.0
PHX,STL,157.0
PHX,STL,162.0
PHX,STL,145.0
PHX,STL,145.0
PHX,STL,155.0
PHX,STL,169.0
PHX,STL,163.0
PHX,STL,161.0
PHX,STL,159.0
PHX,STL,148.0
PHX,STL,133.0
BWI,DFW,196.0
BWI,DFW,172.0
BWI,DFW,172.0
BWI,DFW,167.0
DFW,BWI,124.0
DFW,BWI,150.0
DFW,BWI,144.0
DFW,BWI,147.0
MIA,ORD,154.0
MIA,ORD,151.0
MIA,ORD,166.0
MIA,ORD,156.0
MIA,ORD,158.0
MIA,ORD,156.0
MIA,ORD,152.0
DFW,COS,92.0
DFW,COS,85.0
DFW,COS,86.0
DFW,COS,81.0
DFW,COS,90.0
DFW,COS,89.0
DFW,COS,90.0
DFW,COS,85.0
DFW,COS,92.0
DFW,COS,89.0
DFW,COS,85.0
DFW,COS,89.0
DFW,COS,84.0
DFW,COS,91.0
DFW,COS,96.0
DFW,COS,91.0
DFW,COS,92.0
DFW,COS,105.0
DFW,COS,89.0
DFW,COS,90.0
DFW,COS,90.0
DFW,COS,90.0
DFW,COS,91.0
DFW,COS,89.0
DFW,COS,95.0
DFW,COS,87.0
DFW,COS,85.0
DFW,COS,81.0
DFW,COS,98.0
DFW,COS,86.0
DFW,COS,100.0
MSP,ORD,53.0
MSP,ORD,52.0
MSP,ORD,56.0
MSP,ORD,54.0
MSP,ORD,54.0
MSP,ORD,55.0
MSP,ORD,54.0
MSP,ORD,65.0
MSP,ORD,60.0
MSP,ORD,52.0
MSP,ORD,58.0
MSP,ORD,52.0
MSP,ORD,58.0
MSP,ORD,53.0
MSP,ORD,66.0
MSP,ORD,52.0
MSP,ORD,50.0
MSP,ORD,52.0
MSP,ORD,53.0
MSP,ORD,55.0
MSP,ORD,53.0
MSP,ORD,66.0
MSP,ORD,49.0
MSP,ORD,59.0
MSP,ORD,62.0
MSP,ORD,60.0
MSP,ORD,51.0
MSP,ORD,58.0
MSP,ORD,53.0
MSP,ORD,51.0
MSP,ORD,60.0
DFW,LAS,153.0
DFW,LAS,148.0
DFW,LAS,144.0
DFW,LAS,138.0
LAS,DFW,124.0
LAS,DFW,129.0
LAS,DFW,127.0
LAS,DFW,139.0
MCO,DFW,153.0
MCO,DFW,149.0
MCO,DFW,148.0
MCO,DFW,145.0
MCO,ORD,133.0
MCO,ORD,143.0
MCO,ORD,140.0
MCO,ORD,137.0
MCO,ORD,138.0
MCO,ORD,146.0
MCO,ORD,151.0
MCO,ORD,148.0
MCO,ORD,142.0
MCO,ORD,141.0
MCO,ORD,138.0
MCO,ORD,145.0
MCO,ORD,142.0
MCO,ORD,152.0
MCO,ORD,139.0
MCO,ORD,136.0
MCO,ORD,142.0
MCO,ORD,143.0
MCO,ORD,147.0
MCO,ORD,144.0
MCO,ORD,142.0
MCO,ORD,147.0
MCO,ORD,145.0
MIA,MCO,34.0
MIA,MCO,36.0
MIA,MCO,35.0
MIA,MCO,38.0
DFW,LAX,170.0
DFW,LAX,166.0
DFW,LAX,190.0
DFW,LAX,171.0
DFW,LAX,172.0
DFW,LAX,167.0
DFW,LAX,155.0
DFW,LAX,158.0
DFW,LAX,160.0
DFW,LAX,180.0
DFW,LAX,174.0
DFW,LAX,164.0
DFW,LAX,176.0
DFW,LAX,181.0
DFW,LAX,176.0
DFW,LAX,171.0
DFW,LAX,170.0
DFW,LAX,182.0
DFW,LAX,175.0
DFW,LAX,155.0
DFW,LAX,156.0
DFW,LAX,165.0
DFW,LAX,169.0
DFW,LAX,183.0
DFW,IAH,46.0
EWR,ORD,110.0
EWR,ORD,111.0
EWR,ORD,115.0
EWR,ORD,105.0
EWR,ORD,110.0
EWR,ORD,112.0
EWR,ORD,127.0
EWR,ORD,117.0
EWR,ORD,119.0
EWR,ORD,128.0
EWR,ORD,116.0
EWR,ORD,117.0
EWR,ORD,114.0
EWR,ORD,113.0
EWR,ORD,113.0
EWR,ORD,106.0
EWR,ORD,118.0
EWR,ORD,126.0
EWR,ORD,115.0
LGA,DFW,194.0
LGA,DFW,195.0
LGA,DFW,202.0
LGA,DFW,200.0
LGA,DFW,218.0
LGA,DFW,205.0
LGA,DFW,211.0
LGA,DFW,204.0
LGA,DFW,210.0
LGA,DFW,191.0
LGA,DFW,224.0
LGA,DFW,218.0
LGA,DFW,224.0
LGA,DFW,211.0
LGA,DFW,210.0
LGA,DFW,204.0
LGA,DFW,217.0
LGA,DFW,218.0
LGA,DFW,222.0
LGA,DFW,220.0
LGA,DFW,197.0
LGA,DFW,192.0
LGA,DFW,199.0
LGA,DFW,201.0
LAX,LIH,350.0
LAX,LIH,340.0
LAX,LIH,362.0
LAX,LIH,388.0
LAX,LIH,388.0
LAX,LIH,373.0
LAX,LIH,349.0
LAX,LIH,363.0
LAX,LIH,379.0
LAX,LIH,361.0
LAX,LIH,358.0
LAX,LIH,385.0
LAX,LIH,347.0
LAX,LIH,343.0
LAX,LIH,353.0
LAX,LIH,363.0
LAX,LIH,357.0
LAX,LIH,354.0
LAX,LIH,379.0
LAX,LIH,367.0
LAX,LIH,371.0
LAX,LIH,345.0
LAX,LIH,345.0
LAX,LIH,351.0
LAX,LIH,353.0
LAX,LIH,342.0
LAX,LIH,344.0
LAX,LIH,346.0
LAX,LIH,350.0
LAX,LIH,356.0
LAX,LIH,372.0
LIH,LAX,269.0
LIH,LAX,293.0
LIH,LAX,275.0
LIH,LAX,260.0
LIH,LAX,259.0
LIH,LAX,275.0
LIH,LAX,297.0
LIH,LAX,286.0
LIH,LAX,282.0
LIH,LAX,294.0
LIH,LAX,294.0
LIH,LAX,281.0
LIH,LAX,303.0
LIH,LAX,301.0
LIH,LAX,278.0
LIH,LAX,288.0
LIH,LAX,294.0
LIH,LAX,281.0
LIH,LAX,283.0
LIH,LAX,287.0
LIH,LAX,297.0
LIH,LAX,296.0
LIH,LAX,304.0
LIH,LAX,299.0
LIH,LAX,310.0
LIH,LAX,294.0
LIH,LAX,293.0
LIH,LAX,282.0
LIH,LAX,272.0
LIH,LAX,281.0
LIH,LAX,284.0
LAX,HNL,348.0
LAX,HNL,341.0
LAX,HNL,345.0
LAX,HNL,374.0
LAX,HNL,343.0
LAX,HNL,340.0
LAX,HNL,338.0
LAX,HNL,347.0
LAX,HNL,346.0
LAX,HNL,365.0
LAX,HNL,335.0
LAX,HNL,339.0
LAX,HNL,359.0
LAX,HNL,353.0
LAX,HNL,339.0
LAX,HNL,349.0
LAX,HNL,355.0
LAX,HNL,345.0
LAX,HNL,340.0
LAX,HNL,326.0
LAX,HNL,325.0
LAX,HNL,319.0
LAX,HNL,334.0
HNL,LAX,269.0
HNL,LAX,278.0
HNL,LAX,278.0
HNL,LAX,255.0
HNL,LAX,267.0
HNL,LAX,269.0
HNL,LAX,301.0
HNL,LAX,297.0
HNL,LAX,277.0
HNL,LAX,277.0
HNL,LAX,292.0
HNL,LAX,299.0
HNL,LAX,282.0
HNL,LAX,279.0
HNL,LAX,280.0
HNL,LAX,285.0
HNL,LAX,282.0
HNL,LAX,290.0
HNL,LAX,302.0
HNL,LAX,290.0
HNL,LAX,287.0
HNL,LAX,285.0
HNL,LAX,273.0
HNL,LAX,262.0
LAX,MIA,236.0
LAX,MIA,234.0
LAX,MIA,225.0
LAX,MIA,235.0
LAX,MIA,245.0
LAX,MIA,242.0
LAX,MIA,242.0
LAX,MIA,250.0
LAX,MIA,248.0
LAX,MIA,243.0
LAX,MIA,265.0
LAX,MIA,238.0
LAX,MIA,243.0
LAX,MIA,249.0
LAX,MIA,250.0
LAX,MIA,235.0
LAX,MIA,258.0
LAX,MIA,252.0
LAX,MIA,249.0
LAX,MIA,241.0
LAX,MIA,258.0
LAX,MIA,250.0
LAX,MIA,259.0
LAX,MIA,258.0
LAX,MIA,246.0
LAX,MIA,240.0
LAX,MIA,229.0
LAX,OGG,333.0
LAX,OGG,335.0
LAX,OGG,328.0
LAX,OGG,354.0
SFO,MIA,283.0
SFO,MIA,285.0
SFO,MIA,296.0
SFO,MIA,297.0
SFO,MIA,297.0
SFO,MIA,270.0
SFO,MIA,306.0
SFO,MIA,303.0
SFO,MIA,299.0
SFO,MIA,302.0
SFO,MIA,300.0
SFO,MIA,291.0
SFO,MIA,290.0
SFO,MIA,340.0
SFO,MIA,285.0
SFO,MIA,273.0
SFO,MIA,291.0
SFO,MIA,291.0
SFO,MIA,284.0
DFW,EWR,147.0
DFW,EWR,170.0
DFW,EWR,167.0
DFW,EWR,160.0
EWR,DFW,219.0
EWR,DFW,207.0
EWR,DFW,203.0
EWR,DFW,192.0
MIA,LAX,296.0
MIA,LAX,303.0
MIA,LAX,306.0
MIA,LAX,304.0
MIA,LAX,314.0
MIA,LAX,303.0
MIA,LAX,301.0
MIA,LAX,281.0
MIA,LAX,301.0
MIA,LAX,307.0
MIA,LAX,304.0
MIA,LAX,310.0
MIA,LAX,282.0
MIA,LAX,310.0
MIA,LAX,303.0
MIA,LAX,323.0
MIA,LAX,302.0
MIA,LAX,307.0
MIA,LAX,297.0
MIA,LAX,306.0
MIA,LAX,292.0
MIA,LAX,289.0
MIA,LAX,289.0
MIA,LAX,296.0
MIA,LAX,306.0
MIA,LAX,317.0
MIA,LAX,312.0
SFO,JFK,297.0
SFO,JFK,306.0
SFO,JFK,310.0
SFO,JFK,301.0
SFO,JFK,300.0
SFO,JFK,311.0
SFO,JFK,298.0
SFO,JFK,296.0
SFO,JFK,300.0
SFO,JFK,286.0
SFO,JFK,296.0
SFO,JFK,292.0
SFO,JFK,312.0
SFO,JFK,311.0
SFO,JFK,293.0
SFO,JFK,309.0
SFO,JFK,310.0
SFO,JFK,313.0
SFO,JFK,306.0
SFO,JFK,285.0
DFW,SAN,161.0
DFW,SAN,158.0
DFW,SAN,163.0
DFW,SAN,158.0
DFW,SAN,165.0
DFW,SAN,167.0
DFW,SAN,168.0
DFW,SAN,165.0
DFW,SAN,170.0
DFW,SAN,168.0
DFW,SAN,154.0
DFW,SAN,154.0
DFW,SAN,148.0
DFW,SAN,159.0
DFW,SAN,177.0
DFW,SAN,161.0
DFW,SAN,162.0
DFW,SAN,164.0
DFW,SAN,171.0
DFW,SAN,167.0
DFW,SAN,195.0
DFW,SAN,163.0
DFW,SAN,163.0
DFW,SAN,166.0
DFW,SAN,162.0
DFW,SAN,149.0
DFW,SAN,147.0
DFW,SAN,156.0
DFW,SAN,155.0
DFW,SAN,171.0
DFW,SAN,174.0
SAN,DFW,132.0
SAN,DFW,135.0
SAN,DFW,137.0
SAN,DFW,142.0
SAN,DFW,132.0
SAN,DFW,131.0
SAN,DFW,131.0
SAN,DFW,136.0
SAN,DFW,141.0
SAN,DFW,137.0
SAN,DFW,143.0
SAN,DFW,148.0
SAN,DFW,144.0
SAN,DFW,141.0
SAN,DFW,135.0
SAN,DFW,144.0
SAN,DFW,141.0
SAN,DFW,138.0
SAN,DFW,142.0
SAN,DFW,133.0
SAN,DFW,146.0
SAN,DFW,146.0
SAN,DFW,142.0
SAN,DFW,143.0
SAN,DFW,139.0
SAN,DFW,146.0
SAN,DFW,152.0
SAN,DFW,157.0
SAN,DFW,146.0
SAN,DFW,139.0
SAN,DFW,130.0
CLT,DFW,142.0
DFW,MIA,122.0
DFW,MIA,125.0
DFW,MIA,121.0
DFW,MIA,129.0
DFW,MIA,128.0
DFW,MIA,124.0
DFW,MIA,119.0
DFW,MIA,125.0
DFW,MIA,128.0
DFW,MIA,128.0
DFW,MIA,129.0
DFW,MIA,125.0
DFW,MIA,121.0
DFW,MIA,124.0
DFW,MIA,127.0
DFW,MIA,152.0
DFW,MIA,125.0
DFW,MIA,132.0
DFW,MIA,126.0
DFW,MIA,120.0
DFW,MIA,128.0
DFW,MIA,123.0
DFW,MIA,129.0
DFW,MIA,120.0
DFW,MIA,119.0
DFW,MIA,125.0
DFW,MIA,129.0
DFW,MIA,143.0
DFW,MIA,123.0
DFW,MIA,123.0
DFW,MIA,122.0
MIA,DFW,158.0
MIA,DFW,160.0
MIA,DFW,164.0
MIA,DFW,156.0
MIA,DFW,157.0
MIA,DFW,154.0
MIA,DFW,163.0
MIA,DFW,167.0
MIA,DFW,170.0
MIA,DFW,161.0
MIA,DFW,162.0
MIA,DFW,161.0
MIA,DFW,167.0
MIA,DFW,164.0
MIA,DFW,164.0
MIA,DFW,159.0
MIA,DFW,171.0
MIA,DFW,159.0
MIA,DFW,168.0
MIA,DFW,167.0
MIA,DFW,194.0
MIA,DFW,165.0
MIA,DFW,156.0
MIA,DFW,154.0
MIA,DFW,155.0
DFW,DEN,100.0
DFW,DEN,103.0
DFW,DEN,91.0
DFW,DEN,102.0
DFW,DEN,104.0
DFW,DEN,99.0
DFW,DEN,108.0
DFW,DEN,100.0
DFW,DEN,93.0
DFW,DEN,95.0
DFW,DEN,103.0
DFW,DEN,101.0
DFW,DEN,94.0
DFW,DEN,98.0
DFW,DEN,99.0
DFW,DEN,98.0
DFW,DEN,100.0
DFW,DEN,94.0
DFW,DEN,98.0
DFW,DEN,99.0
EWR,MIA,157.0
EWR,MIA,151.0
EWR,MIA,173.0
EWR,MIA,155.0
EWR,MIA,172.0
EWR,MIA,167.0
EWR,MIA,154.0
EWR,MIA,165.0
EWR,MIA,159.0
EWR,MIA,187.0
EWR,MIA,171.0
EWR,MIA,177.0
EWR,MIA,160.0
EWR,MIA,163.0
EWR,MIA,178.0
EWR,MIA,185.0
EWR,MIA,188.0
EWR,MIA,169.0
EWR,MIA,158.0
EWR,MIA,161.0
EWR,MIA,165.0
EWR,MIA,173.0
EWR,MIA,150.0
EWR,MIA,159.0
EWR,MIA,198.0
EWR,MIA,205.0
EWR,MIA,165.0
EWR,MIA,158.0
EWR,MIA,158.0
ORD,LGA,93.0
ORD,LGA,97.0
ORD,LGA,89.0
ORD,LGA,94.0
ORD,LGA,97.0
ORD,LGA,99.0
ORD,LGA,99.0
ORD,LGA,99.0
ORD,LGA,127.0
ORD,LGA,94.0
ORD,LGA,101.0
ORD,LGA,96.0
ORD,LGA,91.0
ORD,LGA,97.0
ORD,LGA,93.0
ORD,LGA,99.0
ORD,LGA,120.0
ORD,LGA,94.0
ORD,LGA,94.0
ORD,LGA,96.0
ORD,LGA,97.0
ORD,LGA,95.0
ORD,LGA,95.0
ORD,LGA,94.0
ORD,LGA,100.0
ORD,LGA,102.0
DEN,DFW,87.0
DEN,DFW,89.0
DEN,DFW,81.0
DEN,DFW,85.0
DEN,DFW,89.0
DEN,DFW,86.0
DEN,DFW,85.0
DEN,DFW,87.0
DEN,DFW,95.0
DEN,DFW,83.0
DEN,DFW,82.0
DEN,DFW,87.0
DEN,DFW,86.0
DEN,DFW,94.0
DEN,DFW,82.0
DEN,DFW,83.0
DEN,DFW,82.0
DEN,DFW,84.0
DEN,DFW,88.0
DEN,DFW,91.0
DEN,DFW,95.0
DEN,DFW,86.0
DEN,DFW,92.0
DEN,DFW,90.0
DEN,DFW,83.0
DEN,DFW,86.0
DEN,DFW,88.0
DEN,DFW,85.0
DEN,DFW,83.0
DEN,DFW,88.0
DEN,DFW,84.0
MIA,LGA,139.0
MIA,LGA,139.0
MIA,LGA,139.0
MIA,LGA,134.0
MIA,LGA,137.0
MIA,LGA,137.0
MIA,LGA,137.0
MIA,LGA,138.0
MIA,LGA,133.0
MIA,LGA,128.0
MIA,LGA,143.0
MIA,LGA,137.0
MIA,LGA,142.0
MIA,LGA,130.0
MIA,LGA,130.0
MIA,LGA,129.0
MIA,LGA,141.0
MIA,LGA,157.0
MIA,LGA,139.0
MIA,LGA,133.0
MIA,LGA,138.0
MIA,LGA,138.0
MIA,LGA,135.0
MIA,LGA,131.0
MIA,LGA,181.0
MIA,LGA,147.0
MIA,LGA,138.0
MSY,DFW,72.0
MSY,DFW,72.0
MSY,DFW,69.0
MSY,DFW,68.0
MSY,DFW,78.0
MSY,DFW,78.0
MSY,DFW,83.0
MSY,DFW,80.0
MSY,DFW,76.0
MSY,DFW,75.0
MSY,DFW,78.0
MSY,DFW,72.0
MSY,DFW,76.0
MSY,DFW,76.0
MSY,DFW,70.0
MSY,DFW,73.0
MSY,DFW,79.0
MSY,DFW,69.0
MSY,DFW,80.0
MSY,DFW,73.0
MSY,DFW,106.0
MSY,DFW,74.0
MSY,DFW,72.0
MSY,DFW,75.0
MSY,DFW,76.0
MSY,DFW,70.0
MSY,DFW,72.0
MSY,DFW,71.0
MSY,DFW,71.0
MSY,DFW,77.0
MSY,DFW,76.0
DFW,MKE,111.0
DFW,MKE,116.0
DFW,MKE,109.0
DFW,MKE,118.0
DFW,MKE,116.0
DFW,MKE,116.0
DFW,MKE,107.0
DFW,MKE,108.0
DFW,MKE,115.0
DFW,MKE,119.0
DFW,MKE,121.0
DFW,MKE,140.0
DFW,MKE,110.0
DFW,MKE,107.0
DFW,MKE,110.0
DFW,MKE,113.0
DFW,MKE,131.0
DFW,MKE,92.0
DFW,MKE,116.0
DFW,MKE,108.0
DFW,MKE,127.0
DFW,MKE,123.0
DFW,MKE,112.0
DFW,MKE,111.0
DFW,MKE,101.0
DFW,MKE,119.0
DFW,MKE,124.0
DFW,MKE,113.0
DFW,MKE,114.0
DFW,MKE,101.0
MKE,DFW,124.0
MKE,DFW,118.0
MKE,DFW,120.0
MKE,DFW,124.0
MKE,DFW,131.0
MKE,DFW,129.0
MKE,DFW,138.0
MKE,DFW,123.0
MKE,DFW,120.0
MKE,DFW,123.0
MKE,DFW,109.0
MKE,DFW,124.0
MKE,DFW,131.0
MKE,DFW,126.0
MKE,DFW,118.0
MKE,DFW,136.0
MKE,DFW,136.0
MKE,DFW,127.0
MKE,DFW,113.0
MKE,DFW,131.0
MKE,DFW,141.0
MKE,DFW,131.0
MKE,DFW,123.0
MKE,DFW,113.0
MKE,DFW,128.0
MKE,DFW,135.0
ORD,LGA,87.0
ORD,LGA,95.0
ORD,LGA,91.0
ORD,LGA,94.0
ORD,LGA,101.0
ORD,LGA,98.0
ORD,LGA,99.0
ORD,LGA,104.0
ORD,LGA,94.0
ORD,LGA,107.0
ORD,LGA,90.0
ORD,LGA,95.0
ORD,LGA,94.0
ORD,LGA,92.0
ORD,LGA,100.0
ORD,LGA,94.0
ORD,LGA,89.0
ORD,LGA,94.0
ORD,LGA,112.0
ORD,LGA,98.0
ORD,LGA,94.0
ORD,LGA,98.0
ORD,LGA,97.0
ORD,LGA,92.0
ORD,LGA,96.0
ORD,LGA,94.0
ORD,LGA,99.0
ORD,LGA,95.0
ORD,LGA,91.0
ATL,MIA,86.0
MIA,ATL,83.0
DFW,OKC,31.0
DFW,OKC,33.0
DFW,OKC,30.0
DFW,OKC,33.0
DFW,OKC,41.0
DFW,OKC,40.0
DFW,OKC,33.0
DFW,OKC,39.0
DFW,OKC,35.0
DFW,OKC,40.0
DFW,OKC,36.0
DFW,OKC,32.0
DFW,OKC,39.0
DFW,OKC,38.0
DFW,OKC,37.0
DFW,OKC,31.0
DFW,OKC,35.0
DFW,OKC,30.0
DFW,OKC,30.0
DFW,OKC,36.0
DFW,OKC,33.0
DFW,OKC,36.0
OKC,DFW,39.0
OKC,DFW,35.0
OKC,DFW,37.0
OKC,DFW,33.0
OKC,DFW,38.0
OKC,DFW,33.0
OKC,DFW,39.0
OKC,DFW,32.0
OKC,DFW,33.0
OKC,DFW,32.0
OKC,DFW,33.0
OKC,DFW,37.0
OKC,DFW,33.0
OKC,DFW,38.0
OKC,DFW,33.0
OKC,DFW,41.0
OKC,DFW,34.0
OKC,DFW,39.0
OKC,DFW,42.0
OKC,DFW,35.0
OKC,DFW,35.0
OKC,DFW,34.0
DFW,DEN,93.0
DFW,MCI,71.0
DFW,MCI,67.0
DFW,MCI,67.0
DFW,MCI,70.0
DFW,MCI,69.0
DFW,MCI,69.0
DFW,MCI,64.0
DFW,MCI,67.0
DFW,MCI,78.0
DFW,MCI,71.0
